,model,threshold,split_1,split_2,accuracy,precision,recall,human effort,classifier
0,Decision Tree,0.8,0.1,0.01,73.88818297,87.06896552,79.4649882,9.974587039,1
1,Decision Tree,0.8,0.15,0.01,77.76365947,87.65331153,84.34303698,14.99364676,1
2,Decision Tree,0.8,0.2,0.01,81.38500635,88.93312102,87.88355625,19.94917408,1
3,Decision Tree,0.8,0.25,0.01,83.67217281,90.04739336,89.693155,24.9682338,1
4,Decision Tree,0.8,0.3,0.01,83.2909784,89.56043956,89.7718332,29.98729352,1
5,Decision Tree,0.8,0.4,0.01,87.3570521,92.20472441,92.13217939,39.96188056,1
6,Decision Tree,0.8,0.1,0.03,74.58703939,86.627418,81.03855232,9.974587039,1
7,Decision Tree,0.8,0.15,0.03,77.82719187,87.41883117,84.73642801,14.99364676,1
8,Decision Tree,0.8,0.2,0.03,81.44853875,89.06624102,87.80487805,19.94917408,1
9,Decision Tree,0.8,0.25,0.03,83.227446,89.99205719,89.14240755,24.9682338,1
10,Decision Tree,0.8,0.3,0.03,85.26048285,90.55425449,91.26671912,29.98729352,1
11,Decision Tree,0.8,0.4,0.03,86.91232529,92.3627685,91.34539732,39.96188056,1
12,Decision Tree,0.8,0.1,0.05,74.9682338,86.26964433,82.061369,9.974587039,1
13,Decision Tree,0.8,0.15,0.05,79.2249047,88.43648208,85.44453186,14.99364676,1
14,Decision Tree,0.8,0.2,0.05,81.63913596,89.03020668,88.11959087,19.94917408,1
15,Decision Tree,0.8,0.25,0.05,82.90978399,89.88853503,88.82769473,24.9682338,1
16,Decision Tree,0.8,0.3,0.05,84.75222363,90.49489395,90.63729347,29.98729352,1
17,Decision Tree,0.8,0.4,0.05,86.14993647,92.15372298,90.55861526,39.96188056,1
18,Decision Tree,0.8,0.1,0.08,75.22236341,86.80033417,81.74665618,9.974587039,1
19,Decision Tree,0.8,0.15,0.08,77.31893266,87.45901639,83.94964595,14.99364676,1
20,Decision Tree,0.8,0.2,0.08,81.82973316,89.3056664,88.04091267,19.94917408,1
21,Decision Tree,0.8,0.25,0.08,81.44853875,89.12869704,87.72619984,24.9682338,1
22,Decision Tree,0.8,0.3,0.08,84.37102922,89.94544037,90.79464988,29.98729352,1
23,Decision Tree,0.8,0.4,0.08,87.3570521,92.0722135,92.2895358,39.96188056,1
24,Decision Tree,0.8,0.1,0.1,73.31639136,86.33646456,79.5436664,9.974587039,1
25,Decision Tree,0.8,0.15,0.1,77.31893266,87.58223684,83.79228954,14.99364676,1
26,Decision Tree,0.8,0.2,0.1,81.95679797,89.70233307,87.72619984,19.94917408,1
27,Decision Tree,0.8,0.25,0.1,82.71918679,89.54869359,88.98505114,24.9682338,1
28,Decision Tree,0.8,0.3,0.1,83.73570521,89.86645719,90.00786782,29.98729352,1
29,Decision Tree,0.8,0.4,0.1,86.97585769,92.03470032,91.81746656,39.96188056,1
30,Decision Tree,0.8,0.1,0.15,76.68360864,87.29372937,83.24154209,9.974587039,1
31,Decision Tree,0.8,0.15,0.15,78.01778907,87.51013788,84.89378442,14.99364676,1
32,Decision Tree,0.8,0.2,0.15,81.82973316,89.68573731,87.56884343,19.94917408,1
33,Decision Tree,0.8,0.25,0.15,82.84625159,89.69072165,88.98505114,24.9682338,1
34,Decision Tree,0.8,0.3,0.15,85.00635324,90.14740109,91.42407553,29.98729352,1
35,Decision Tree,0.8,0.4,0.15,87.4841169,92.35015773,92.13217939,39.96188056,1
36,Decision Tree,0.85,0.1,0.01,72.74459975,86.16838488,78.91424076,9.974587039,1
37,Decision Tree,0.85,0.15,0.01,77.63659466,88.06959403,83.63493312,14.99364676,1
38,Decision Tree,0.85,0.2,0.01,82.02033037,89.33121019,88.27694729,19.94917408,1
39,Decision Tree,0.85,0.25,0.01,83.03684879,89.96815287,88.90637293,24.9682338,1
40,Decision Tree,0.85,0.3,0.01,84.56162643,90.09360374,90.87332809,29.98729352,1
41,Decision Tree,0.85,0.4,0.01,87.2935197,92.33201581,91.89614477,39.96188056,1
42,Decision Tree,0.85,0.1,0.03,73.95171537,86.88946015,79.77970102,9.974587039,1
43,Decision Tree,0.85,0.15,0.03,78.14485388,88.08545604,84.34303698,14.99364676,1
44,Decision Tree,0.85,0.2,0.03,81.95679797,89.2601432,88.27694729,19.94917408,1
45,Decision Tree,0.85,0.25,0.03,81.95679797,89.44844125,88.04091267,24.9682338,1
46,Decision Tree,0.85,0.3,0.03,84.43456163,90.26687598,90.47993706,29.98729352,1
47,Decision Tree,0.85,0.4,0.03,86.40406607,91.84481394,91.26671912,39.96188056,1
48,Decision Tree,0.85,0.1,0.05,74.65057179,86.39398998,81.43194335,9.974587039,1
49,Decision Tree,0.85,0.15,0.05,77.63659466,87.94384806,83.79228954,14.99364676,1
50,Decision Tree,0.85,0.2,0.05,82.52858958,89.64968153,88.59166011,19.94917408,1
51,Decision Tree,0.85,0.25,0.05,82.90978399,89.69889065,89.06372935,24.9682338,1
52,Decision Tree,0.85,0.3,0.05,84.30749682,90.50632911,90.00786782,29.98729352,1
53,Decision Tree,0.85,0.4,0.05,86.91232529,92.3627685,91.34539732,39.96188056,1
54,Decision Tree,0.85,0.1,0.08,74.9682338,87.00421941,81.11723053,9.974587039,1
55,Decision Tree,0.85,0.15,0.08,78.52604828,88.20638821,84.73642801,14.99364676,1
56,Decision Tree,0.85,0.2,0.08,82.71918679,89.86432562,88.59166011,19.94917408,1
57,Decision Tree,0.85,0.25,0.08,83.03684879,89.52755906,89.45712038,24.9682338,1
58,Decision Tree,0.85,0.3,0.08,84.18043202,90.17295597,90.24390244,29.98729352,1
59,Decision Tree,0.85,0.4,0.08,86.72172808,92.20985692,91.26671912,39.96188056,1
60,Decision Tree,0.85,0.1,0.1,74.39644219,86.84210526,80.48780488,9.974587039,1
61,Decision Tree,0.85,0.15,0.1,78.84371029,88.1300813,85.28717545,14.99364676,1
62,Decision Tree,0.85,0.2,0.1,80.94027954,89.12167607,87.01809599,19.94917408,1
63,Decision Tree,0.85,0.25,0.1,82.14739517,89.09952607,88.74901652,24.9682338,1
64,Decision Tree,0.85,0.3,0.1,84.49809403,90.08587041,90.79464988,29.98729352,1
65,Decision Tree,0.85,0.4,0.1,86.53113088,92.39391513,90.79464988,39.96188056,1
66,Decision Tree,0.85,0.1,0.15,73.31639136,86.7761452,78.99291896,9.974587039,1
67,Decision Tree,0.85,0.15,0.15,78.71664549,87.86407767,85.44453186,14.99364676,1
68,Decision Tree,0.85,0.2,0.15,81.63913596,89.40609952,87.64752164,19.94917408,1
69,Decision Tree,0.85,0.25,0.15,82.52858958,89.08948195,89.29976397,24.9682338,1
70,Decision Tree,0.85,0.3,0.15,83.79923761,90.38155803,89.45712038,29.98729352,1
71,Decision Tree,0.85,0.4,0.15,87.10292249,92.04724409,91.97482297,39.96188056,1
72,Decision Tree,0.9,0.1,0.01,74.39644219,87.03071672,80.25177026,9.974587039,1
73,Decision Tree,0.9,0.15,0.01,77.63659466,88.06959403,83.63493312,14.99364676,1
74,Decision Tree,0.9,0.2,0.01,82.08386277,89.40239044,88.27694729,19.94917408,1
75,Decision Tree,0.9,0.25,0.01,83.227446,89.42834769,89.85051141,24.9682338,1
76,Decision Tree,0.9,0.3,0.01,84.87928844,89.94586234,91.50275374,29.98729352,1
77,Decision Tree,0.9,0.4,0.01,87.4841169,92.41706161,92.05350118,39.96188056,1
78,Decision Tree,0.9,0.1,0.03,72.74459975,86.04452055,79.07159717,9.974587039,1
79,Decision Tree,0.9,0.15,0.03,78.84371029,88.3797054,84.97246263,14.99364676,1
80,Decision Tree,0.9,0.2,0.03,82.08386277,89.46528332,88.19826908,19.94917408,1
81,Decision Tree,0.9,0.25,0.03,82.21092757,89.29421094,88.59166011,24.9682338,1
82,Decision Tree,0.9,0.3,0.03,84.37102922,90.38613081,90.24390244,29.98729352,1
83,Decision Tree,0.9,0.4,0.03,87.2935197,92.06598586,92.21085759,39.96188056,1
84,Decision Tree,0.9,0.1,0.05,76.68360864,87.54152824,82.92682927,9.974587039,1
85,Decision Tree,0.9,0.15,0.05,78.20838628,88.0952381,84.42171518,14.99364676,1
86,Decision Tree,0.9,0.2,0.05,81.57560356,89.08366534,87.96223446,19.94917408,1
87,Decision Tree,0.9,0.25,0.05,82.90978399,89.57345972,89.22108576,24.9682338,1
88,Decision Tree,0.9,0.3,0.05,84.18043202,89.98435055,90.47993706,29.98729352,1
89,Decision Tree,0.9,0.4,0.05,87.4205845,92.14454046,92.2895358,39.96188056,1
90,Decision Tree,0.9,0.1,0.08,76.17534943,87.08609272,82.76947286,9.974587039,1
91,Decision Tree,0.9,0.15,0.08,77.00127065,87.40740741,83.55625492,14.99364676,1
92,Decision Tree,0.9,0.2,0.08,81.70266836,89.10103421,88.11959087,19.94917408,1
93,Decision Tree,0.9,0.25,0.08,82.59212198,89.40711462,88.98505114,24.9682338,1
94,Decision Tree,0.9,0.3,0.08,83.79923761,89.81191223,90.16522423,29.98729352,1
95,Decision Tree,0.9,0.4,0.08,87.3570521,92.47226624,91.81746656,39.96188056,1
96,Decision Tree,0.9,0.1,0.1,75.28589581,85.73743922,83.24154209,9.974587039,1
97,Decision Tree,0.9,0.15,0.1,77.82719187,87.66339869,84.42171518,14.99364676,1
98,Decision Tree,0.9,0.2,0.1,81.70266836,89.28856914,87.88355625,19.94917408,1
99,Decision Tree,0.9,0.25,0.1,82.90978399,90.20866774,88.4343037,24.9682338,1
100,Decision Tree,0.9,0.3,0.1,84.18043202,90.36334913,90.00786782,29.98729352,1
101,Decision Tree,0.9,0.4,0.1,86.91232529,92.22839017,91.50275374,39.96188056,1
102,Decision Tree,0.9,0.1,0.15,75.41296061,86.77204659,82.061369,9.974587039,1
103,Decision Tree,0.9,0.15,0.15,77.12833545,87.42810189,83.71361133,14.99364676,1
104,Decision Tree,0.9,0.2,0.15,81.00381194,88.81789137,87.49016522,19.94917408,1
105,Decision Tree,0.9,0.25,0.15,82.33799238,89.43606037,88.59166011,24.9682338,1
106,Decision Tree,0.9,0.3,0.15,84.68869123,90.0466563,91.10936271,29.98729352,1
107,Decision Tree,0.9,0.4,0.15,86.59466328,92.19745223,91.10936271,39.96188056,1
108,Decision Tree,0.95,0.1,0.01,75.0317662,86.82885906,81.43194335,9.974587039,1
109,Decision Tree,0.95,0.15,0.01,77.76365947,87.71498771,84.26435877,14.99364676,1
110,Decision Tree,0.95,0.2,0.01,82.02033037,89.08227848,88.59166011,19.94917408,1
111,Decision Tree,0.95,0.25,0.01,83.1639136,89.54402516,89.61447679,24.9682338,1
112,Decision Tree,0.95,0.3,0.01,84.18043202,90.49128368,89.85051141,29.98729352,1
113,Decision Tree,0.95,0.4,0.01,86.72172808,91.74528302,91.81746656,39.96188056,1
114,Decision Tree,0.95,0.1,0.03,74.26937738,86.75721562,80.40912667,9.974587039,1
115,Decision Tree,0.95,0.15,0.03,79.0343075,88.34555827,85.28717545,14.99364676,1
116,Decision Tree,0.95,0.2,0.03,82.02033037,89.33121019,88.27694729,19.94917408,1
117,Decision Tree,0.95,0.25,0.03,82.97331639,89.51930654,89.37844217,24.9682338,1
118,Decision Tree,0.95,0.3,0.03,84.56162643,90.34536892,90.55861526,29.98729352,1
119,Decision Tree,0.95,0.4,0.03,86.72172808,92.54807692,90.87332809,39.96188056,1
120,Decision Tree,0.95,0.1,0.05,73.18932656,86.31308811,79.38630999,9.974587039,1
121,Decision Tree,0.95,0.15,0.05,78.65311309,88.28828829,84.81510622,14.99364676,1
122,Decision Tree,0.95,0.2,0.05,81.82973316,89.62188254,87.64752164,19.94917408,1
123,Decision Tree,0.95,0.25,0.05,82.33799238,88.88018794,89.29976397,24.9682338,1
124,Decision Tree,0.95,0.3,0.05,84.05336722,90.03139717,90.24390244,29.98729352,1
125,Decision Tree,0.95,0.4,0.05,87.5476493,92.2895358,92.2895358,39.96188056,1
126,Decision Tree,0.95,0.1,0.08,74.14231258,87.24137931,79.62234461,9.974587039,1
127,Decision Tree,0.95,0.15,0.08,77.76365947,88.40700584,83.39889851,14.99364676,1
128,Decision Tree,0.95,0.2,0.08,81.44853875,89.57154406,87.1754524,19.94917408,1
129,Decision Tree,0.95,0.25,0.08,82.14739517,89.66346154,88.04091267,24.9682338,1
130,Decision Tree,0.95,0.3,0.08,83.92630241,89.82785603,90.32258065,29.98729352,1
131,Decision Tree,0.95,0.4,0.08,87.10292249,92.31378764,91.66011015,39.96188056,1
132,Decision Tree,0.95,0.1,0.1,74.01524778,86.21848739,80.7238395,9.974587039,1
133,Decision Tree,0.95,0.15,0.1,78.58958069,87.78317152,85.36585366,14.99364676,1
134,Decision Tree,0.95,0.2,0.1,81.82973316,89.55823293,87.72619984,19.94917408,1
135,Decision Tree,0.95,0.25,0.1,81.00381194,88.94230769,87.33280881,24.9682338,1
136,Decision Tree,0.95,0.3,0.1,83.98983482,89.71161341,90.55861526,29.98729352,1
137,Decision Tree,0.95,0.4,0.1,86.97585769,92.16772152,91.66011015,39.96188056,1
138,Decision Tree,0.95,0.1,0.15,73.95171537,86.76345004,79.93705744,9.974587039,1
139,Decision Tree,0.95,0.15,0.15,78.01778907,88.254756,83.94964595,14.99364676,1
140,Decision Tree,0.95,0.2,0.15,81.82973316,89.62188254,87.64752164,19.94917408,1
141,Decision Tree,0.95,0.25,0.15,81.76620076,89.17197452,88.11959087,24.9682338,1
142,Decision Tree,0.95,0.3,0.15,84.24396442,90.43478261,90.00786782,29.98729352,1
143,Decision Tree,0.95,0.4,0.15,87.3570521,92.33807267,91.97482297,39.96188056,1
144,Decision Tree,0.99,0.1,0.01,75.158831,86.7278798,81.74665618,9.974587039,1
145,Decision Tree,0.99,0.15,0.01,76.87420584,87.38664468,83.39889851,14.99364676,1
146,Decision Tree,0.99,0.2,0.01,81.95679797,88.95027624,88.67033832,19.94917408,1
147,Decision Tree,0.99,0.25,0.01,82.40152478,89.13385827,89.06372935,24.9682338,1
148,Decision Tree,0.99,0.3,0.01,85.13341804,90.60297572,91.0306845,29.98729352,1
149,Decision Tree,0.99,0.4,0.01,87.86531131,92.25352113,92.76160504,39.96188056,1
150,Decision Tree,0.99,0.1,0.03,74.65057179,87.5862069,79.93705744,9.974587039,1
151,Decision Tree,0.99,0.15,0.03,77.89072427,87.61206194,84.5790716,14.99364676,1
152,Decision Tree,0.99,0.2,0.03,82.08386277,89.46528332,88.19826908,19.94917408,1
153,Decision Tree,0.99,0.25,0.03,82.59212198,89.72111554,88.59166011,24.9682338,1
154,Decision Tree,0.99,0.3,0.03,84.18043202,90.17295597,90.24390244,29.98729352,1
155,Decision Tree,0.99,0.4,0.03,86.78526048,92.14908803,91.42407553,39.96188056,1
156,Decision Tree,0.99,0.1,0.05,74.9682338,86.87973087,81.27458694,9.974587039,1
157,Decision Tree,0.99,0.15,0.05,77.50952986,87.6746097,83.94964595,14.99364676,1
158,Decision Tree,0.99,0.2,0.05,82.27445997,89.42766296,88.5129819,19.94917408,1
159,Decision Tree,0.99,0.25,0.05,83.4815756,89.96047431,89.53579858,24.9682338,1
160,Decision Tree,0.99,0.3,0.05,83.98983482,89.8981989,90.32258065,29.98729352,1
161,Decision Tree,0.99,0.4,0.05,86.78526048,92.283214,91.26671912,39.96188056,1
162,Decision Tree,0.99,0.1,0.08,76.17534943,87.27121464,82.53343824,9.974587039,1
163,Decision Tree,0.99,0.15,0.08,78.01778907,87.38884398,85.05114083,14.99364676,1
164,Decision Tree,0.99,0.2,0.08,81.76620076,89.2971246,87.96223446,19.94917408,1
165,Decision Tree,0.99,0.25,0.08,81.32147395,89.55465587,87.01809599,24.9682338,1
166,Decision Tree,0.99,0.3,0.08,84.75222363,90.17926734,91.0306845,29.98729352,1
167,Decision Tree,0.99,0.4,0.08,87.73824651,92.30769231,92.52557042,39.96188056,1
168,Decision Tree,0.99,0.1,0.1,74.33290978,86.39798489,80.95987411,9.974587039,1
169,Decision Tree,0.99,0.15,0.1,78.39898348,88.06214227,84.73642801,14.99364676,1
170,Decision Tree,0.99,0.2,0.1,81.51207116,89.51612903,87.33280881,19.94917408,1
171,Decision Tree,0.99,0.25,0.1,81.70266836,89.28856914,87.88355625,24.9682338,1
172,Decision Tree,0.99,0.3,0.1,84.87928844,90.00774593,91.42407553,29.98729352,1
173,Decision Tree,0.99,0.4,0.1,87.4205845,92.34411997,92.05350118,39.96188056,1
174,Decision Tree,0.99,0.1,0.15,75.22236341,87.11036226,81.35326515,9.974587039,1
175,Decision Tree,0.99,0.15,0.15,78.52604828,87.8960195,85.12981904,14.99364676,1
176,Decision Tree,0.99,0.2,0.15,81.00381194,89.44805195,86.70338316,19.94917408,1
177,Decision Tree,0.99,0.25,0.15,82.21092757,89.0464933,88.90637293,24.9682338,1
178,Decision Tree,0.99,0.3,0.15,84.87928844,90.25720966,91.10936271,29.98729352,1
179,Decision Tree,0.99,0.4,0.15,86.65819568,92.13661636,91.26671912,39.96188056,1
,Logistic Regression,0.8,0.1,0.01,91.99491741,91.21670266,99.68528718,26.81067344,2
,Logistic Regression,0.8,0.15,0.01,94.53621347,93.66249079,100,37.4841169,2
,Logistic Regression,0.8,0.2,0.01,94.40914867,93.52465048,100,39.39008895,2
,Logistic Regression,0.8,0.25,0.01,94.72681067,93.87001477,100,43.26556544,2
,Logistic Regression,0.8,0.3,0.01,94.79034307,93.93939394,100,45.48919949,2
,Logistic Regression,0.8,0.4,0.01,95.55273189,94.91398654,99.84264359,53.68487929,2
,Logistic Regression,0.8,0.1,0.03,93.13850064,92.29090909,99.84264359,31.89326557,2
,Logistic Regression,0.8,0.15,0.03,94.53621347,93.66249079,100,39.07242694,2
,Logistic Regression,0.8,0.2,0.03,94.91740788,94.0784604,100,41.16899619,2
,Logistic Regression,0.8,0.25,0.03,94.98094028,94.14814815,100,44.53621347,2
,Logistic Regression,0.8,0.3,0.03,94.91740788,94.0784604,100,46.31512071,2
,Logistic Regression,0.8,0.4,0.03,95.7433291,94.99252616,100,54.82846252,2
,Logistic Regression,0.8,0.1,0.05,93.26556544,92.42534596,99.84264359,33.10038119,2
,Logistic Regression,0.8,0.15,0.05,94.79034307,94.00444115,99.92132179,40.27954257,2
,Logistic Regression,0.8,0.2,0.05,94.91740788,94.0784604,100,41.613723,2
,Logistic Regression,0.8,0.25,0.05,94.91740788,94.0784604,100,45.04447268,2
,Logistic Regression,0.8,0.3,0.05,94.85387548,94.00887574,100,46.56925032,2
,Logistic Regression,0.8,0.4,0.05,96.06099111,95.34883721,100,56.54383736,2
,Logistic Regression,0.8,0.1,0.08,93.13850064,92.29090909,99.84264359,32.52858958,2
,Logistic Regression,0.8,0.15,0.08,94.72681067,93.87001477,100,40.85133418,2
,Logistic Regression,0.8,0.2,0.08,95.04447268,94.21793921,100,43.26556544,2
,Logistic Regression,0.8,0.25,0.08,94.98094028,94.14814815,100,46.37865311,2
,Logistic Regression,0.8,0.3,0.08,94.79034307,93.93939394,100,46.56925032,2
,Logistic Regression,0.8,0.4,0.08,95.9339263,95.20599251,100,55.97204574,2
,Logistic Regression,0.8,0.1,0.1,93.20203304,92.3580786,99.84264359,34.18043202,2
,Logistic Regression,0.8,0.15,0.1,94.91740788,94.0784604,100,41.93138501,2
,Logistic Regression,0.8,0.2,0.1,95.10800508,94.28783383,100,43.32909784,2
,Logistic Regression,0.8,0.25,0.1,95.23506989,94.42793462,100,47.33163914,2
,Logistic Regression,0.8,0.3,0.1,94.91740788,94.0784604,100,47.33163914,2
,Logistic Regression,0.8,0.4,0.1,95.9974587,95.27736132,100,57.24269377,2
,Logistic Regression,0.8,0.1,0.15,93.20203304,92.3580786,99.84264359,35.95933926,2
,Logistic Regression,0.8,0.15,0.15,94.98094028,94.14814815,100,42.82083863,2
,Logistic Regression,0.8,0.2,0.15,95.23506989,94.42793462,100,45.29860229,2
,Logistic Regression,0.8,0.25,0.15,95.29860229,94.49814126,100,47.90343075,2
,Logistic Regression,0.8,0.3,0.15,94.91740788,94.0784604,100,47.90343075,2
,Logistic Regression,0.8,0.4,0.15,96.06099111,95.34883721,100,57.81448539,2
,Logistic Regression,0.85,0.1,0.01,94.47268107,93.65781711,99.92132179,39.96188056,2
,Logistic Regression,0.85,0.15,0.01,95.7433291,94.99252616,100,49.04701398,2
,Logistic Regression,0.85,0.2,0.01,95.6797967,94.92158327,100,49.11054638,2
,Logistic Regression,0.85,0.25,0.01,96.06099111,95.34883721,100,51.84243964,2
,Logistic Regression,0.85,0.3,0.01,96.12452351,95.42042042,100,53.74841169,2
,Logistic Regression,0.85,0.4,0.01,96.37865311,95.84592145,99.84264359,60.29224905,2
,Logistic Regression,0.85,0.1,0.03,95.36213469,94.56845238,100,43.96442186,2
,Logistic Regression,0.85,0.15,0.03,95.8703939,95.13473054,100,51.01651842,2
,Logistic Regression,0.85,0.2,0.03,95.8703939,95.13473054,100,50.31766201,2
,Logistic Regression,0.85,0.25,0.03,96.18805591,95.49211119,100,54.0025413,2
,Logistic Regression,0.85,0.3,0.03,96.37865311,95.70783133,100,55.27318933,2
,Logistic Regression,0.85,0.4,0.03,96.56925032,95.9245283,100,61.11817027,2
,Logistic Regression,0.85,0.1,0.05,95.36213469,94.56845238,100,45.8068615,2
,Logistic Regression,0.85,0.15,0.05,96.06099111,95.34883721,100,51.96950445,2
,Logistic Regression,0.85,0.2,0.05,95.8068615,95.06357517,100,51.39771283,2
,Logistic Regression,0.85,0.25,0.05,96.25158831,95.56390977,100,53.87547649,2
,Logistic Regression,0.85,0.3,0.05,96.12452351,95.42042042,100,55.90851334,2
,Logistic Regression,0.85,0.4,0.05,96.63278272,95.99697885,100,62.19822109,2
,Logistic Regression,0.85,0.1,0.08,95.42566709,94.63886821,100,46.82337992,2
,Logistic Regression,0.85,0.15,0.08,95.9339263,95.20599251,100,52.16010165,2
,Logistic Regression,0.85,0.2,0.08,95.8703939,95.13473054,100,52.98602287,2
,Logistic Regression,0.85,0.25,0.08,96.37865311,95.70783133,100,57.56035578,2
,Logistic Regression,0.85,0.3,0.08,96.18805591,95.49211119,100,56.28970775,2
,Logistic Regression,0.85,0.4,0.08,97.07750953,96.50721336,100,65.75603558,2
,Logistic Regression,0.85,0.1,0.1,95.17153748,94.35783222,100,45.10800508,2
,Logistic Regression,0.85,0.15,0.1,95.8703939,95.13473054,100,53.30368488,2
,Logistic Regression,0.85,0.2,0.1,96.12452351,95.42042042,100,54.89199492,2
,Logistic Regression,0.85,0.25,0.1,96.37865311,95.70783133,100,57.43329098,2
,Logistic Regression,0.85,0.3,0.1,96.31512071,95.6358164,100,57.75095299,2
,Logistic Regression,0.85,0.4,0.1,96.88691233,96.28787879,100,63.85006353,2
,Logistic Regression,0.85,0.1,0.15,95.61626429,94.85074627,100,49.30114358,2
,Logistic Regression,0.85,0.15,0.15,96.37865311,95.70783133,100,55.08259212,2
,Logistic Regression,0.85,0.2,0.15,96.06099111,95.34883721,100,54.57433291,2
,Logistic Regression,0.85,0.25,0.15,96.50571792,95.85218703,100,58.70393901,2
,Logistic Regression,0.85,0.3,0.15,96.31512071,95.6358164,100,58.64040661,2
,Logistic Regression,0.85,0.4,0.15,97.14104193,96.58054711,100,66.5819568,2
,Logistic Regression,0.9,0.1,0.01,96.25158831,95.56390977,100,58.3227446,2
,Logistic Regression,0.9,0.15,0.01,96.50571792,95.85218703,100,61.75349428,2
,Logistic Regression,0.9,0.2,0.01,96.50571792,95.85218703,100,62.7064803,2
,Logistic Regression,0.9,0.25,0.01,96.69631512,96.06953893,100,64.86658196,2
,Logistic Regression,0.9,0.3,0.01,96.69631512,96.06953893,100,65.05717916,2
,Logistic Regression,0.9,0.4,0.01,97.20457433,96.6539924,100,71.47395172,2
,Logistic Regression,0.9,0.1,0.03,96.56925032,95.9245283,100,60.60991105,2
,Logistic Regression,0.9,0.15,0.03,96.88691233,96.28787879,100,65.75603558,2
,Logistic Regression,0.9,0.2,0.03,96.75984752,96.14220877,100,65.50190597,2
,Logistic Regression,0.9,0.25,0.03,96.95044473,96.36087945,100,67.15374841,2
,Logistic Regression,0.9,0.3,0.03,96.82337992,96.21498864,100,68.04320203,2
,Logistic Regression,0.9,0.4,0.03,97.45870394,96.94889397,100,74.71410419,2
,Logistic Regression,0.9,0.1,0.05,96.69631512,96.06953893,100,62.5794155,2
,Logistic Regression,0.9,0.15,0.05,96.95044473,96.36087945,100,67.85260483,2
,Logistic Regression,0.9,0.2,0.05,96.95044473,96.36087945,100,67.72554003,2
,Logistic Regression,0.9,0.25,0.05,97.26810673,96.72754947,100,71.21982211,2
,Logistic Regression,0.9,0.3,0.05,97.07750953,96.50721336,100,69.25031766,2
,Logistic Regression,0.9,0.4,0.05,97.45870394,96.94889397,100,74.20584498,2
,Logistic Regression,0.9,0.1,0.08,96.82337992,96.21498864,100,64.80304956,2
,Logistic Regression,0.9,0.15,0.08,97.14104193,96.58054711,100,69.18678526,2
,Logistic Regression,0.9,0.2,0.08,97.01397713,96.4339909,100,68.17026684,2
,Logistic Regression,0.9,0.25,0.08,96.75984752,96.14220877,100,67.40787802,2
,Logistic Regression,0.9,0.3,0.08,97.14104193,96.58054711,100,70.6480305,2
,Logistic Regression,0.9,0.4,0.08,97.58576874,97.09702063,100,75.98475222,2
,Logistic Regression,0.9,0.1,0.1,96.75984752,96.14220877,100,64.54891995,2
,Logistic Regression,0.9,0.15,0.1,97.33163914,96.80121858,100,71.21982211,2
,Logistic Regression,0.9,0.2,0.1,97.01397713,96.4339909,100,68.99618806,2
,Logistic Regression,0.9,0.25,0.1,97.45870394,96.94889397,100,73.18932656,2
,Logistic Regression,0.9,0.3,0.1,96.95044473,96.36087945,100,69.75857687,2
,Logistic Regression,0.9,0.4,0.1,97.52223634,97.02290076,100,74.77763659,2
,Logistic Regression,0.9,0.1,0.15,96.82337992,96.21498864,100,66.26429479,2
,Logistic Regression,0.9,0.15,0.15,97.07750953,96.50721336,100,71.41041931,2
,Logistic Regression,0.9,0.2,0.15,97.20457433,96.6539924,100,70.7750953,2
,Logistic Regression,0.9,0.25,0.15,97.64930114,97.17125382,100,74.9047014,2
,Logistic Regression,0.9,0.3,0.15,97.20457433,96.6539924,100,72.87166455,2
,Logistic Regression,0.9,0.4,0.15,97.77636595,97.32006126,100,77.12833545,2
,Logistic Regression,0.95,0.1,0.01,98.41168996,98.07098765,100,84.43456163,2
,Logistic Regression,0.95,0.15,0.01,98.60228717,98.29853055,100,86.27700127,2
,Logistic Regression,0.95,0.2,0.01,98.41168996,98.07098765,100,84.94282084,2
,Logistic Regression,0.95,0.25,0.01,98.53875476,98.22256569,100,85.83227446,2
,Logistic Regression,0.95,0.3,0.01,98.53875476,98.22256569,100,86.02287166,2
,Logistic Regression,0.95,0.4,0.01,98.66581957,98.374613,100,87.86531131,2
,Logistic Regression,0.95,0.1,0.03,98.66581957,98.374613,100,87.3570521,2
,Logistic Regression,0.95,0.15,0.03,98.79288437,98.52713178,100,88.11944091,2
,Logistic Regression,0.95,0.2,0.03,98.72935197,98.45081332,100,87.03939009,2
,Logistic Regression,0.95,0.25,0.03,98.66581957,98.374613,100,87.6747141,2
,Logistic Regression,0.95,0.3,0.03,98.91994917,98.68012422,100,88.56416773,2
,Logistic Regression,0.95,0.4,0.03,98.85641677,98.60356866,100,89.83481576,2
,Logistic Regression,0.95,0.1,0.05,98.53875476,98.22256569,100,87.86531131,2
,Logistic Regression,0.95,0.15,0.05,98.91994917,98.68012422,100,89.19949174,2
,Logistic Regression,0.95,0.2,0.05,98.91994917,98.68012422,100,88.81829733,2
,Logistic Regression,0.95,0.25,0.05,98.79288437,98.52713178,100,88.37357052,2
,Logistic Regression,0.95,0.3,0.05,98.79288437,98.52713178,100,88.75476493,2
,Logistic Regression,0.95,0.4,0.05,98.91994917,98.68012422,100,90.85133418,2
,Logistic Regression,0.95,0.1,0.08,98.98348158,98.75679876,100,89.83481576,2
,Logistic Regression,0.95,0.15,0.08,98.91994917,98.68012422,100,89.70775095,2
,Logistic Regression,0.95,0.2,0.08,98.91994917,98.68012422,100,90.66073698,2
,Logistic Regression,0.95,0.25,0.08,98.91994917,98.68012422,100,89.70775095,2
,Logistic Regression,0.95,0.3,0.08,98.85641677,98.60356866,100,90.27954257,2
,Logistic Regression,0.95,0.4,0.08,99.04701398,98.83359253,100,91.4866582,2
,Logistic Regression,0.95,0.1,0.1,99.11054638,98.91050584,100,90.53367217,2
,Logistic Regression,0.95,0.15,0.1,99.04701398,98.83359253,100,89.96188056,2
,Logistic Regression,0.95,0.2,0.1,98.79288437,98.52713178,100,89.26302414,2
,Logistic Regression,0.95,0.25,0.1,98.85641677,98.60356866,100,89.51715375,2
,Logistic Regression,0.95,0.3,0.1,98.79288437,98.52713178,100,89.77128335,2
,Logistic Regression,0.95,0.4,0.1,99.11054638,98.91050584,100,91.99491741,2
,Logistic Regression,0.95,0.1,0.15,99.23761118,99.06469213,100,91.8043202,2
,Logistic Regression,0.95,0.15,0.15,99.11054638,98.91050584,100,91.10546379,2
,Logistic Regression,0.95,0.2,0.15,99.36467598,99.21935988,100,92.12198221,2
,Logistic Regression,0.95,0.25,0.15,99.11054638,98.91050584,100,91.8043202,2
,Logistic Regression,0.95,0.3,0.15,99.17407878,98.98753894,100,91.5501906,2
,Logistic Regression,0.95,0.4,0.15,98.98348158,98.75679876,100,91.93138501,2
,Logistic Regression,0.99,0.1,0.01,100,100,100,99.9364676,2
,Logistic Regression,0.99,0.15,0.01,100,100,100,99.8729352,2
,Logistic Regression,0.99,0.2,0.01,99.9364676,99.92138365,100,99.74587039,2
,Logistic Regression,0.99,0.25,0.01,99.9364676,99.92138365,100,99.8729352,2
,Logistic Regression,0.99,0.3,0.01,100,100,100,99.9364676,2
,Logistic Regression,0.99,0.4,0.01,100,100,100,99.9364676,2
,Logistic Regression,0.99,0.1,0.03,100,100,100,99.9364676,2
,Logistic Regression,0.99,0.15,0.03,100,100,100,99.9364676,2
,Logistic Regression,0.99,0.2,0.03,100,100,100,99.8729352,2
,Logistic Regression,0.99,0.25,0.03,100,100,100,99.9364676,2
,Logistic Regression,0.99,0.3,0.03,100,100,100,99.9364676,2
,Logistic Regression,0.99,0.4,0.03,100,100,100,100,2
,Logistic Regression,0.99,0.1,0.05,100,100,100,100,2
,Logistic Regression,0.99,0.15,0.05,100,100,100,100,2
,Logistic Regression,0.99,0.2,0.05,100,100,100,100,2
,Logistic Regression,0.99,0.25,0.05,100,100,100,99.9364676,2
,Logistic Regression,0.99,0.3,0.05,100,100,100,100,2
,Logistic Regression,0.99,0.4,0.05,100,100,100,100,2
,Logistic Regression,0.99,0.1,0.08,100,100,100,100,2
,Logistic Regression,0.99,0.15,0.08,100,100,100,99.9364676,2
,Logistic Regression,0.99,0.2,0.08,100,100,100,100,2
,Logistic Regression,0.99,0.25,0.08,100,100,100,99.9364676,2
,Logistic Regression,0.99,0.3,0.08,100,100,100,100,2
,Logistic Regression,0.99,0.4,0.08,100,100,100,100,2
,Logistic Regression,0.99,0.1,0.1,100,100,100,100,2
,Logistic Regression,0.99,0.15,0.1,100,100,100,99.9364676,2
,Logistic Regression,0.99,0.2,0.1,100,100,100,100,2
,Logistic Regression,0.99,0.25,0.1,100,100,100,99.9364676,2
,Logistic Regression,0.99,0.3,0.1,100,100,100,100,2
,Logistic Regression,0.99,0.4,0.1,100,100,100,100,2
,Logistic Regression,0.99,0.1,0.15,100,100,100,99.9364676,2
,Logistic Regression,0.99,0.15,0.15,100,100,100,100,2
,Logistic Regression,0.99,0.2,0.15,100,100,100,100,2
,Logistic Regression,0.99,0.25,0.15,100,100,100,99.9364676,2
,Logistic Regression,0.99,0.3,0.15,100,100,100,100,2
,Logistic Regression,0.99,0.4,0.15,100,100,100,100,2
,Random Forest,0.8,0.1,0.01,92.63024142,91.6967509,99.92132179,31.00381194,3
,Random Forest,0.8,0.15,0.01,93.96442186,93.1085044,99.92132179,36.14993647,3
,Random Forest,0.8,0.2,0.01,94.15501906,93.37748344,99.84264359,39.64421855,3
,Random Forest,0.8,0.25,0.01,95.10800508,94.28783383,100,43.58322745,3
,Random Forest,0.8,0.3,0.01,95.36213469,94.56845238,100,46.44218551,3
,Random Forest,0.8,0.4,0.01,96.63278272,95.99697885,100,55.14612452,3
,Random Forest,0.8,0.1,0.03,92.50317662,91.50467963,100,32.46505718,3
,Random Forest,0.8,0.15,0.03,94.53621347,93.66249079,100,38.88182973,3
,Random Forest,0.8,0.2,0.03,94.40914867,93.58879882,99.92132179,41.7407878,3
,Random Forest,0.8,0.25,0.03,95.04447268,94.21793921,100,45.8703939,3
,Random Forest,0.8,0.3,0.03,95.61626429,94.85074627,100,49.04701398,3
,Random Forest,0.8,0.4,0.03,96.69631512,96.06953893,100,57.49682338,3
,Random Forest,0.8,0.1,0.05,92.94790343,91.96816208,100,34.24396442,3
,Random Forest,0.8,0.15,0.05,94.59974587,93.73156342,100,39.83481576,3
,Random Forest,0.8,0.2,0.05,94.28208386,93.45106696,99.92132179,42.82083863,3
,Random Forest,0.8,0.25,0.05,95.6797967,94.92158327,100,48.28462516,3
,Random Forest,0.8,0.3,0.05,95.7433291,94.99252616,100,50.57179161,3
,Random Forest,0.8,0.4,0.05,96.88691233,96.28787879,100,58.2592122,3
,Random Forest,0.8,0.1,0.08,93.71029225,92.77372263,100,37.03939009,3
,Random Forest,0.8,0.15,0.08,94.72681067,93.87001477,100,41.613723,3
,Random Forest,0.8,0.2,0.08,94.91740788,94.14381023,99.92132179,45.29860229,3
,Random Forest,0.8,0.25,0.08,95.6797967,94.92158327,100,48.98348158,3
,Random Forest,0.8,0.3,0.08,95.8703939,95.13473054,100,51.58831004,3
,Random Forest,0.8,0.4,0.08,97.14104193,96.58054711,100,59.78398983,3
,Random Forest,0.8,0.1,0.1,93.58322745,92.63848397,100,37.80177891,3
,Random Forest,0.8,0.15,0.1,95.10800508,94.28783383,100,43.64675985,3
,Random Forest,0.8,0.2,0.1,94.66327827,93.86548411,99.92132179,45.42566709,3
,Random Forest,0.8,0.25,0.1,95.7433291,94.99252616,100,49.68233799,3
,Random Forest,0.8,0.3,0.1,95.9974587,95.27736132,100,52.09656925,3
,Random Forest,0.8,0.4,0.1,97.07750953,96.50721336,100,59.91105464,3
,Random Forest,0.8,0.1,0.15,93.58322745,92.63848397,100,40.91486658,3
,Random Forest,0.8,0.15,0.15,95.23506989,94.42793462,100,45.36213469,3
,Random Forest,0.8,0.2,0.15,94.85387548,94.07407407,99.92132179,47.14104193,3
,Random Forest,0.8,0.25,0.15,95.8703939,95.13473054,100,51.46124524,3
,Random Forest,0.8,0.3,0.15,95.8703939,95.13473054,100,52.92249047,3
,Random Forest,0.8,0.4,0.15,97.07750953,96.50721336,100,61.11817027,3
,Random Forest,0.85,0.1,0.01,93.58322745,92.63848397,100,37.6747141,3
,Random Forest,0.85,0.15,0.01,95.04447268,94.21793921,100,44.59974587,3
,Random Forest,0.85,0.2,0.01,95.48919949,94.70938897,100,47.71283355,3
,Random Forest,0.85,0.25,0.01,96.06099111,95.34883721,100,50.69885642,3
,Random Forest,0.85,0.3,0.01,96.12452351,95.42042042,100,53.55781449,3
,Random Forest,0.85,0.4,0.01,97.14104193,96.58054711,100,60.99110546,3
,Random Forest,0.85,0.1,0.03,94.53621347,93.66249079,100,42.69377382,3
,Random Forest,0.85,0.15,0.03,96.06099111,95.34883721,100,48.85641677,3
,Random Forest,0.85,0.2,0.03,95.9974587,95.27736132,100,50.88945362,3
,Random Forest,0.85,0.25,0.03,96.31512071,95.6358164,100,54.1931385,3
,Random Forest,0.85,0.3,0.03,96.56925032,95.9245283,100,56.60736976,3
,Random Forest,0.85,0.4,0.03,97.45870394,96.94889397,100,63.40533672,3
,Random Forest,0.85,0.1,0.05,94.91740788,94.0784604,100,44.66327827,3
,Random Forest,0.85,0.15,0.05,96.18805591,95.49211119,100,50.63532402,3
,Random Forest,0.85,0.2,0.05,95.9339263,95.20599251,100,52.66836086,3
,Random Forest,0.85,0.25,0.05,96.37865311,95.70783133,100,54.3202033,3
,Random Forest,0.85,0.3,0.05,96.44218551,95.77995479,100,57.11562897,3
,Random Forest,0.85,0.4,0.05,97.45870394,96.94889397,100,64.67598475,3
,Random Forest,0.85,0.1,0.08,95.36213469,94.56845238,100,48.79288437,3
,Random Forest,0.85,0.15,0.08,96.44218551,95.77995479,100,52.98602287,3
,Random Forest,0.85,0.2,0.08,96.31512071,95.6358164,100,54.89199492,3
,Random Forest,0.85,0.25,0.08,96.69631512,96.06953893,100,57.30622618,3
,Random Forest,0.85,0.3,0.08,96.50571792,95.85218703,100,58.76747141,3
,Random Forest,0.85,0.4,0.08,97.77636595,97.32006126,100,66.13722999,3
,Random Forest,0.85,0.1,0.1,95.8703939,95.13473054,100,50.44472681,3
,Random Forest,0.85,0.15,0.1,96.37865311,95.70783133,100,53.68487929,3
,Random Forest,0.85,0.2,0.1,96.25158831,95.56390977,100,54.95552732,3
,Random Forest,0.85,0.25,0.1,96.88691233,96.28787879,100,58.00508259,3
,Random Forest,0.85,0.3,0.1,96.63278272,95.99697885,100,59.59339263,3
,Random Forest,0.85,0.4,0.1,97.90343075,97.46932515,100,66.6454892,3
,Random Forest,0.85,0.1,0.15,95.8703939,95.13473054,100,51.96950445,3
,Random Forest,0.85,0.15,0.15,96.82337992,96.21498864,100,55.71791614,3
,Random Forest,0.85,0.2,0.15,96.63278272,95.99697885,100,57.24269377,3
,Random Forest,0.85,0.25,0.15,96.69631512,96.06953893,100,59.40279543,3
,Random Forest,0.85,0.3,0.15,96.56925032,95.9245283,100,60.80050826,3
,Random Forest,0.85,0.4,0.15,98.03049555,97.61904762,100,67.97966963,3
,Random Forest,0.9,0.1,0.01,96.50571792,95.85218703,100,54.1296061,3
,Random Forest,0.9,0.15,0.01,97.01397713,96.4339909,100,57.81448539,3
,Random Forest,0.9,0.2,0.01,97.45870394,96.94889397,100,60.67344346,3
,Random Forest,0.9,0.25,0.01,97.45870394,96.94889397,100,61.75349428,3
,Random Forest,0.9,0.3,0.01,97.45870394,96.94889397,100,64.10419314,3
,Random Forest,0.9,0.4,0.01,97.83989835,97.39463602,100,69.75857687,3
,Random Forest,0.9,0.1,0.03,97.14104193,96.58054711,100,59.78398983,3
,Random Forest,0.9,0.15,0.03,97.26810673,96.72754947,100,60.92757306,3
,Random Forest,0.9,0.2,0.03,97.96696315,97.54412893,100,63.53240152,3
,Random Forest,0.9,0.25,0.03,97.58576874,97.09702063,100,65.37484117,3
,Random Forest,0.9,0.3,0.03,97.83989835,97.39463602,100,66.7090216,3
,Random Forest,0.9,0.4,0.03,98.22109276,97.84449577,100,72.29987294,3
,Random Forest,0.9,0.1,0.05,97.14104193,96.58054711,100,60.60991105,3
,Random Forest,0.9,0.15,0.05,97.45870394,96.94889397,100,63.59593393,3
,Random Forest,0.9,0.2,0.05,98.15756036,97.76923077,100,65.50190597,3
,Random Forest,0.9,0.25,0.05,97.77636595,97.32006126,100,66.5819568,3
,Random Forest,0.9,0.3,0.05,97.96696315,97.54412893,100,68.42439644,3
,Random Forest,0.9,0.4,0.05,98.22109276,97.84449577,100,73.25285896,3
,Random Forest,0.9,0.1,0.08,97.33163914,96.80121858,100,62.5158831,3
,Random Forest,0.9,0.15,0.08,98.03049555,97.61904762,100,66.5819568,3
,Random Forest,0.9,0.2,0.08,97.96696315,97.54412893,100,65.81956798,3
,Random Forest,0.9,0.25,0.08,98.22109276,97.84449577,100,68.55146125,3
,Random Forest,0.9,0.3,0.08,97.96696315,97.54412893,100,68.99618806,3
,Random Forest,0.9,0.4,0.08,98.53875476,98.22256569,100,74.65057179,3
,Random Forest,0.9,0.1,0.1,97.58576874,97.09702063,100,63.72299873,3
,Random Forest,0.9,0.15,0.1,97.96696315,97.54412893,100,66.7090216,3
,Random Forest,0.9,0.2,0.1,98.15756036,97.76923077,100,67.21728081,3
,Random Forest,0.9,0.25,0.1,98.15756036,97.76923077,100,68.99618806,3
,Random Forest,0.9,0.3,0.1,98.15756036,97.76923077,100,69.88564168,3
,Random Forest,0.9,0.4,0.1,98.34815756,97.99537394,100,75.0317662,3
,Random Forest,0.9,0.1,0.15,97.52223634,97.02290076,100,66.01016518,3
,Random Forest,0.9,0.15,0.15,98.15756036,97.76923077,100,68.74205845,3
,Random Forest,0.9,0.2,0.15,98.28462516,97.91987673,100,69.05972046,3
,Random Forest,0.9,0.25,0.15,98.15756036,97.76923077,100,70.45743329,3
,Random Forest,0.9,0.3,0.15,98.15756036,97.76923077,100,70.6480305,3
,Random Forest,0.9,0.4,0.15,98.66581957,98.374613,100,76.68360864,3
,Random Forest,0.95,0.1,0.01,98.28462516,97.91987673,100,73.18932656,3
,Random Forest,0.95,0.15,0.01,98.47522236,98.14671815,100,75.54002541,3
,Random Forest,0.95,0.2,0.01,98.72935197,98.45081332,100,76.49301144,3
,Random Forest,0.95,0.25,0.01,98.79288437,98.52713178,100,76.74714104,3
,Random Forest,0.95,0.3,0.01,98.66581957,98.374613,100,77.00127065,3
,Random Forest,0.95,0.4,0.01,99.11054638,98.91050584,100,82.52858958,3
,Random Forest,0.95,0.1,0.03,98.72935197,98.45081332,100,77.00127065,3
,Random Forest,0.95,0.15,0.03,98.91994917,98.68012422,100,79.60609911,3
,Random Forest,0.95,0.2,0.03,98.91994917,98.68012422,100,79.47903431,3
,Random Forest,0.95,0.25,0.03,98.98348158,98.75679876,100,80.68614994,3
,Random Forest,0.95,0.3,0.03,98.91994917,98.68012422,100,81.13087675,3
,Random Forest,0.95,0.4,0.03,99.30114358,99.14196568,100,85.06988564,3
,Random Forest,0.95,0.1,0.05,98.60228717,98.29853055,100,79.41550191,3
,Random Forest,0.95,0.15,0.05,98.98348158,98.75679876,100,81.32147395,3
,Random Forest,0.95,0.2,0.05,99.30114358,99.14196568,100,82.59212198,3
,Random Forest,0.95,0.25,0.05,98.85641677,98.60356866,100,81.95679797,3
,Random Forest,0.95,0.3,0.05,99.04701398,98.83359253,100,82.84625159,3
,Random Forest,0.95,0.4,0.05,99.17407878,98.98753894,100,85.89580686,3
,Random Forest,0.95,0.1,0.08,98.72935197,98.45081332,100,80.30495553,3
,Random Forest,0.95,0.15,0.08,99.04701398,98.83359253,100,82.14739517,3
,Random Forest,0.95,0.2,0.08,99.23761118,99.06469213,100,83.4815756,3
,Random Forest,0.95,0.25,0.08,99.11054638,98.91050584,100,83.79923761,3
,Random Forest,0.95,0.3,0.08,99.11054638,98.91050584,100,85.00635324,3
,Random Forest,0.95,0.4,0.08,99.30114358,99.14196568,100,87.22998729,3
,Random Forest,0.95,0.1,0.1,98.85641677,98.60356866,100,80.87674714,3
,Random Forest,0.95,0.15,0.1,99.11054638,98.91050584,100,83.79923761,3
,Random Forest,0.95,0.2,0.1,99.23761118,99.06469213,100,83.98983482,3
,Random Forest,0.95,0.25,0.1,99.17407878,98.98753894,100,85.89580686,3
,Random Forest,0.95,0.3,0.1,99.30114358,99.14196568,100,85.45108005,3
,Random Forest,0.95,0.4,0.1,99.17407878,98.98753894,100,88.18297332,3
,Random Forest,0.95,0.1,0.15,99.11054638,98.91050584,100,83.3545108,3
,Random Forest,0.95,0.15,0.15,99.11054638,98.91050584,100,85.06988564,3
,Random Forest,0.95,0.2,0.15,99.23761118,99.06469213,100,85.26048285,3
,Random Forest,0.95,0.25,0.15,99.36467598,99.21935988,100,87.3570521,3
,Random Forest,0.95,0.3,0.15,99.17407878,98.98753894,100,86.59466328,3
,Random Forest,0.95,0.4,0.15,99.49174079,99.37451134,100,89.26302414,3
,Random Forest,0.99,0.1,0.01,99.74587039,99.68627451,100,94.91740788,3
,Random Forest,0.99,0.15,0.01,99.8729352,99.84289081,100,95.55273189,3
,Random Forest,0.99,0.2,0.01,99.74587039,99.68627451,100,95.48919949,3
,Random Forest,0.99,0.25,0.01,99.8729352,99.84289081,100,94.98094028,3
,Random Forest,0.99,0.3,0.01,99.61880559,99.53014879,100,94.98094028,3
,Random Forest,0.99,0.4,0.01,99.8729352,99.84289081,100,96.37865311,3
,Random Forest,0.99,0.1,0.03,99.74587039,99.68627451,100,96.63278272,3
,Random Forest,0.99,0.15,0.03,99.8729352,99.84289081,100,97.20457433,3
,Random Forest,0.99,0.2,0.03,100,100,100,97.26810673,3
,Random Forest,0.99,0.25,0.03,100,100,100,97.64930114,3
,Random Forest,0.99,0.3,0.03,99.9364676,99.92138365,100,97.83989835,3
,Random Forest,0.99,0.4,0.03,99.9364676,99.92138365,100,97.64930114,3
,Random Forest,0.99,0.1,0.05,99.9364676,99.92138365,100,97.64930114,3
,Random Forest,0.99,0.15,0.05,99.9364676,99.92138365,100,97.90343075,3
,Random Forest,0.99,0.2,0.05,99.9364676,99.92138365,100,97.90343075,3
,Random Forest,0.99,0.25,0.05,100,100,100,97.90343075,3
,Random Forest,0.99,0.3,0.05,100,100,100,97.77636595,3
,Random Forest,0.99,0.4,0.05,100,100,100,98.28462516,3
,Random Forest,0.99,0.1,0.08,99.9364676,99.92138365,100,98.28462516,3
,Random Forest,0.99,0.15,0.08,100,100,100,98.60228717,3
,Random Forest,0.99,0.2,0.08,99.8729352,99.84289081,100,98.03049555,3
,Random Forest,0.99,0.25,0.08,99.8729352,99.84289081,100,98.09402795,3
,Random Forest,0.99,0.3,0.08,100,100,100,98.79288437,3
,Random Forest,0.99,0.4,0.08,99.8729352,99.84289081,100,98.53875476,3
,Random Forest,0.99,0.1,0.1,99.9364676,99.92138365,100,98.47522236,3
,Random Forest,0.99,0.15,0.1,100,100,100,98.72935197,3
,Random Forest,0.99,0.2,0.1,100,100,100,98.41168996,3
,Random Forest,0.99,0.25,0.1,100,100,100,98.72935197,3
,Random Forest,0.99,0.3,0.1,99.9364676,99.92138365,100,98.79288437,3
,Random Forest,0.99,0.4,0.1,99.9364676,99.92138365,100,98.85641677,3
,Random Forest,0.99,0.1,0.15,99.9364676,99.92138365,100,98.91994917,3
,Random Forest,0.99,0.15,0.15,100,100,100,99.17407878,3
,Random Forest,0.99,0.2,0.15,100,100,100,98.72935197,3
,Random Forest,0.99,0.25,0.15,99.9364676,99.92138365,100,99.11054638,3
,Random Forest,0.99,0.3,0.15,100,100,100,99.68233799,3
,Random Forest,0.99,0.4,0.15,99.9364676,99.92138365,100,99.30114358,3
,SVM,0.8,0.1,0.01,90.72426938,90.8496732,98.42643588,21.53748412,4
,SVM,0.8,0.15,0.01,91.10546379,91.12727273,98.58379229,26.42947903,4
,SVM,0.8,0.2,0.01,91.8043202,91.86217009,98.58379229,30.43202033,4
,SVM,0.8,0.25,0.01,93.32909784,92.86764706,99.37057435,35.57814485,4
,SVM,0.8,0.3,0.01,93.39263024,92.87288758,99.44925256,38.88182973,4
,SVM,0.8,0.4,0.01,94.72681067,94.1307578,99.68528718,48.66581957,4
,SVM,0.8,0.1,0.03,91.23252859,91.38056976,98.42643588,24.45997459,4
,SVM,0.8,0.15,0.03,92.12198221,91.76984705,99.13453973,28.84371029,4
,SVM,0.8,0.2,0.03,92.50317662,92.609017,98.58379229,32.52858958,4
,SVM,0.8,0.25,0.03,93.39263024,92.93598234,99.37057435,37.10292249,4
,SVM,0.8,0.3,0.03,93.90088945,93.35793358,99.52793076,40.21601017,4
,SVM,0.8,0.4,0.03,94.91740788,94.34102755,99.68528718,49.9364676,4
,SVM,0.8,0.1,0.05,91.93138501,91.50943396,99.21321794,26.23888183,4
,SVM,0.8,0.15,0.05,92.56670902,92.17836257,99.21321794,30.62261753,4
,SVM,0.8,0.2,0.05,92.88437103,92.76752768,98.89850511,34.11689962,4
,SVM,0.8,0.25,0.05,93.71029225,93.21533923,99.44925256,38.05590851,4
,SVM,0.8,0.3,0.05,93.90088945,93.35793358,99.52793076,40.78780178,4
,SVM,0.8,0.4,0.05,94.91740788,94.34102755,99.68528718,50.0635324,4
,SVM,0.8,0.1,0.08,92.18551461,91.65457184,99.37057435,28.08132147,4
,SVM,0.8,0.15,0.08,92.63024142,92.18407597,99.29189614,32.59212198,4
,SVM,0.8,0.2,0.08,93.13850064,93.10600445,98.81982691,35.38754765,4
,SVM,0.8,0.25,0.08,94.15501906,93.50553506,99.68528718,40.47013977,4
,SVM,0.8,0.3,0.08,94.21855146,93.44624448,99.84264359,41.8043202,4
,SVM,0.8,0.4,0.08,94.98094028,94.3452381,99.76396538,50.69885642,4
,SVM,0.8,0.1,0.1,91.7407878,91.49090909,98.97718332,28.46251588,4
,SVM,0.8,0.15,0.1,93.07496823,92.65785609,99.29189614,34.05336722,4
,SVM,0.8,0.2,0.1,93.01143583,92.90465632,98.89850511,35.83227446,4
,SVM,0.8,0.25,0.1,93.90088945,93.42202513,99.44925256,40.15247776,4
,SVM,0.8,0.3,0.1,94.09148666,93.62962963,99.44925256,41.8678526,4
,SVM,0.8,0.4,0.1,95.17153748,94.55630127,99.76396538,51.52477764,4
,SVM,0.8,0.1,0.15,91.8678526,91.80687637,98.7411487,30.43202033,4
,SVM,0.8,0.15,0.15,93.39263024,92.99926308,99.29189614,36.46759848,4
,SVM,0.8,0.2,0.15,93.32909784,93.44262295,98.6624705,38.50063532,4
,SVM,0.8,0.25,0.15,94.28208386,93.70836417,99.60660897,41.99491741,4
,SVM,0.8,0.3,0.15,94.34561626,93.77777778,99.60660897,43.07496823,4
,SVM,0.8,0.4,0.15,95.29860229,94.69753547,99.76396538,52.41423126,4
,SVM,0.85,0.1,0.01,92.82083863,92.63622975,98.97718332,31.76620076,4
,SVM,0.85,0.15,0.01,94.15501906,94.09124907,98.97718332,37.80177891,4
,SVM,0.85,0.2,0.01,93.71029225,93.6661699,98.89850511,38.69123253,4
,SVM,0.85,0.25,0.01,94.91740788,94.47348768,99.52793076,43.32909784,4
,SVM,0.85,0.3,0.01,95.17153748,94.62285288,99.68528718,45.8068615,4
,SVM,0.85,0.4,0.01,95.8068615,95.1987997,99.84264359,54.38373571,4
,SVM,0.85,0.1,0.03,94.34561626,94.03874814,99.29189614,37.99237611,4
,SVM,0.85,0.15,0.03,94.59974587,94.72096531,98.81982691,40.97839898,4
,SVM,0.85,0.2,0.03,94.21855146,94.22788606,98.89850511,40.97839898,4
,SVM,0.85,0.25,0.03,95.10800508,94.55223881,99.68528718,44.91740788,4
,SVM,0.85,0.3,0.03,95.10800508,94.61883408,99.60660897,46.63278272,4
,SVM,0.85,0.4,0.03,95.9974587,95.48192771,99.76396538,55.40025413,4
,SVM,0.85,0.1,0.05,94.09148666,93.88971684,99.13453973,38.50063532,4
,SVM,0.85,0.15,0.05,94.79034307,94.59864966,99.21321794,40.53367217,4
,SVM,0.85,0.2,0.05,94.98094028,94.74474474,99.29189614,43.96442186,4
,SVM,0.85,0.25,0.05,95.61626429,95.12012012,99.68528718,47.71283355,4
,SVM,0.85,0.3,0.05,95.61626429,94.98502994,99.84264359,48.98348158,4
,SVM,0.85,0.4,0.05,96.18805591,95.69811321,99.76396538,56.98856417,4
,SVM,0.85,0.1,0.08,94.91740788,94.34102755,99.68528718,42.05844981,4
,SVM,0.85,0.15,0.08,95.48919949,95.38577912,99.21321794,46.44218551,4
,SVM,0.85,0.2,0.08,94.98094028,94.74474474,99.29189614,44.02795426,4
,SVM,0.85,0.25,0.08,95.8703939,95.27027027,99.84264359,49.8729352,4
,SVM,0.85,0.3,0.08,95.61626429,94.98502994,99.84264359,48.66581957,4
,SVM,0.85,0.4,0.08,96.18805591,95.69811321,99.76396538,56.98856417,4
,SVM,0.85,0.1,0.1,94.85387548,94.66966967,99.21321794,42.94790343,4
,SVM,0.85,0.15,0.1,95.36213469,95.03759398,99.44925256,44.40914867,4
,SVM,0.85,0.2,0.1,94.79034307,94.59864966,99.21321794,43.77382465,4
,SVM,0.85,0.25,0.1,95.8068615,95.1987997,99.84264359,49.42820839,4
,SVM,0.85,0.3,0.1,95.6797967,95.05617978,99.84264359,49.23761118,4
,SVM,0.85,0.4,0.1,96.37865311,95.91527988,99.76396538,57.94155019,4
,SVM,0.85,0.1,0.15,94.47268107,94.17910448,99.29189614,43.39263024,4
,SVM,0.85,0.15,0.15,95.23506989,95.03012048,99.29189614,46.25158831,4
,SVM,0.85,0.2,0.15,95.23506989,95.03012048,99.29189614,47.14104193,4
,SVM,0.85,0.25,0.15,95.8068615,95.26671675,99.76396538,50.57179161,4
,SVM,0.85,0.3,0.15,95.9339263,95.34184823,99.84264359,51.96950445,4
,SVM,0.85,0.4,0.15,96.37865311,95.91527988,99.76396538,58.5133418,4
,SVM,0.9,0.1,0.01,95.6797967,95.88100686,98.89850511,51.01651842,4
,SVM,0.9,0.15,0.01,95.7433291,95.95419847,98.89850511,52.22363405,4
,SVM,0.9,0.2,0.01,95.8703939,95.96036585,99.05586153,53.81194409,4
,SVM,0.9,0.25,0.01,96.56925032,96.34424981,99.52793076,57.68742058,4
,SVM,0.9,0.3,0.01,96.95044473,96.64378337,99.68528718,60.48284625,4
,SVM,0.9,0.4,0.01,97.77636595,97.46543779,99.84264359,68.04320203,4
,SVM,0.9,0.1,0.03,96.06099111,96.10983982,99.13453973,54.51080051,4
,SVM,0.9,0.15,0.03,96.06099111,96.25095639,98.97718332,54.0660737,4
,SVM,0.9,0.2,0.03,96.37865311,96.12462006,99.52793076,58.06861499,4
,SVM,0.9,0.25,0.03,96.95044473,96.64378337,99.68528718,59.97458704,4
,SVM,0.9,0.3,0.03,97.26810673,97.01378254,99.68528718,62.5794155,4
,SVM,0.9,0.4,0.03,97.83989835,97.54035357,99.84264359,69.37738247,4
,SVM,0.9,0.1,0.05,96.25158831,96.33027523,99.13453973,55.71791614,4
,SVM,0.9,0.15,0.05,96.18805591,96.32746748,99.05586153,56.48030496,4
,SVM,0.9,0.2,0.05,96.31512071,96.19192688,99.37057435,57.24269377,4
,SVM,0.9,0.25,0.05,97.39517154,97.01834862,99.84264359,62.19822109,4
,SVM,0.9,0.3,0.05,97.26810673,97.01378254,99.68528718,63.91359593,4
,SVM,0.9,0.4,0.05,97.96696315,97.69053118,99.84264359,70.6480305,4
,SVM,0.9,0.1,0.08,96.82337992,96.71002295,99.44925256,59.52986023,4
,SVM,0.9,0.15,0.08,96.75984752,96.85099846,99.21321794,59.72045743,4
,SVM,0.9,0.2,0.08,96.95044473,96.71504966,99.60660897,61.62642948,4
,SVM,0.9,0.25,0.08,97.33163914,97.08812261,99.68528718,64.10419314,4
,SVM,0.9,0.3,0.08,97.64930114,97.24349158,99.92132179,67.47141042,4
,SVM,0.9,0.4,0.08,97.96696315,97.69053118,99.84264359,70.52096569,4
,SVM,0.9,0.1,0.1,96.88691233,96.78407351,99.44925256,62.07115629,4
,SVM,0.9,0.15,0.1,97.20457433,96.93955624,99.68528718,62.5158831,4
,SVM,0.9,0.2,0.1,96.69631512,96.70498084,99.29189614,60.48284625,4
,SVM,0.9,0.25,0.1,97.71283355,97.39063699,99.84264359,67.09021601,4
,SVM,0.9,0.3,0.1,97.58576874,97.24137931,99.84264359,65.69250318,4
,SVM,0.9,0.4,0.1,97.96696315,97.69053118,99.84264359,70.45743329,4
,SVM,0.9,0.1,0.15,97.33163914,96.94423224,99.84264359,64.04066074,4
,SVM,0.9,0.15,0.15,97.20457433,97.01149425,99.60660897,62.19822109,4
,SVM,0.9,0.2,0.15,97.20457433,97.01149425,99.60660897,64.93011436,4
,SVM,0.9,0.25,0.15,97.77636595,97.46543779,99.84264359,67.34434562,4
,SVM,0.9,0.3,0.15,97.64930114,97.31595092,99.84264359,67.53494282,4
,SVM,0.9,0.4,0.15,97.96696315,97.69053118,99.84264359,72.55400254,4
,SVM,0.95,0.1,0.01,98.53875476,98.59813084,99.60660897,78.14485388,4
,SVM,0.95,0.15,0.01,98.22109276,98.44115355,99.37057435,76.74714104,4
,SVM,0.95,0.2,0.01,98.60228717,98.59922179,99.68528718,78.9707751,4
,SVM,0.95,0.25,0.01,98.91994917,98.75583204,99.92132179,82.84625159,4
,SVM,0.95,0.3,0.01,98.91994917,98.75583204,99.92132179,84.62515883,4
,SVM,0.95,0.4,0.01,99.23761118,99.14129586,99.92132179,87.10292249,4
,SVM,0.95,0.1,0.03,98.47522236,98.59703819,99.52793076,79.2249047,4
,SVM,0.95,0.15,0.03,98.60228717,98.7509758,99.52793076,79.3519695,4
,SVM,0.95,0.2,0.03,98.79288437,98.75389408,99.76396538,81.19440915,4
,SVM,0.95,0.25,0.03,98.91994917,98.8317757,99.84264359,83.54510801,4
,SVM,0.95,0.3,0.03,98.85641677,98.75486381,99.84264359,83.60864041,4
,SVM,0.95,0.4,0.03,99.11054638,98.98674981,99.92132179,87.3570521,4
,SVM,0.95,0.1,0.05,98.91994917,98.90795632,99.76396538,82.08386277,4
,SVM,0.95,0.15,0.05,98.79288437,98.8299532,99.68528718,82.52858958,4
,SVM,0.95,0.2,0.05,99.17407878,99.06396256,99.92132179,85.06988564,4
,SVM,0.95,0.25,0.05,99.17407878,99.06396256,99.92132179,85.70520966,4
,SVM,0.95,0.3,0.05,99.17407878,99.06396256,99.92132179,86.08640407,4
,SVM,0.95,0.4,0.05,99.30114358,99.21875,99.92132179,88.05590851,4
,SVM,0.95,0.1,0.08,98.98348158,99.06176701,99.68528718,84.62515883,4
,SVM,0.95,0.15,0.08,98.85641677,98.75486381,99.84264359,83.4180432,4
,SVM,0.95,0.2,0.08,98.72935197,98.75292284,99.68528718,82.46505718,4
,SVM,0.95,0.25,0.08,99.36467598,99.29632525,99.92132179,86.59466328,4
,SVM,0.95,0.3,0.08,99.11054638,98.98674981,99.92132179,86.72172808,4
,SVM,0.95,0.4,0.08,99.17407878,99.06396256,99.92132179,88.75476493,4
,SVM,0.95,0.1,0.1,99.04701398,98.90965732,99.92132179,84.62515883,4
,SVM,0.95,0.15,0.1,99.04701398,98.98595944,99.84264359,85.06988564,4
,SVM,0.95,0.2,0.1,99.04701398,98.90965732,99.92132179,85.51461245,4
,SVM,0.95,0.25,0.1,99.36467598,99.29632525,99.92132179,88.05590851,4
,SVM,0.95,0.3,0.1,99.23761118,99.14129586,99.92132179,86.84879288,4
,SVM,0.95,0.4,0.1,99.11054638,98.98674981,99.92132179,88.18297332,4
,SVM,0.95,0.1,0.15,99.30114358,99.21875,99.92132179,87.80177891,4
,SVM,0.95,0.15,0.15,99.30114358,99.21875,99.92132179,88.56416773,4
,SVM,0.95,0.2,0.15,99.36467598,99.29632525,99.92132179,87.73824651,4
,SVM,0.95,0.25,0.15,99.11054638,98.98674981,99.92132179,87.4841169,4
,SVM,0.95,0.3,0.15,99.23761118,99.14129586,99.92132179,88.43710292,4
,SVM,0.95,0.4,0.15,99.17407878,99.06396256,99.92132179,87.99237611,4
,SVM,0.99,0.1,0.01,99.9364676,100,99.92132179,98.28462516,4
,SVM,0.99,0.15,0.01,99.9364676,100,99.92132179,98.47522236,4
,SVM,0.99,0.2,0.01,99.9364676,100,99.92132179,98.41168996,4
,SVM,0.99,0.25,0.01,99.9364676,100,99.92132179,98.72935197,4
,SVM,0.99,0.3,0.01,99.9364676,100,99.92132179,98.66581957,4
,SVM,0.99,0.4,0.01,99.9364676,100,99.92132179,98.72935197,4
,SVM,0.99,0.1,0.03,99.9364676,100,99.92132179,98.91994917,4
,SVM,0.99,0.15,0.03,99.9364676,100,99.92132179,98.98348158,4
,SVM,0.99,0.2,0.03,99.9364676,100,99.92132179,98.91994917,4
,SVM,0.99,0.25,0.03,99.9364676,100,99.92132179,98.72935197,4
,SVM,0.99,0.3,0.03,99.9364676,100,99.92132179,98.79288437,4
,SVM,0.99,0.4,0.03,99.9364676,100,99.92132179,98.98348158,4
,SVM,0.99,0.1,0.05,99.9364676,100,99.92132179,99.11054638,4
,SVM,0.99,0.15,0.05,99.9364676,100,99.92132179,99.17407878,4
,SVM,0.99,0.2,0.05,99.9364676,100,99.92132179,98.79288437,4
,SVM,0.99,0.25,0.05,99.9364676,100,99.92132179,98.98348158,4
,SVM,0.99,0.3,0.05,99.9364676,100,99.92132179,99.04701398,4
,SVM,0.99,0.4,0.05,99.9364676,100,99.92132179,99.23761118,4
,SVM,0.99,0.1,0.08,99.9364676,100,99.92132179,98.85641677,4
,SVM,0.99,0.15,0.08,99.9364676,100,99.92132179,99.11054638,4
,SVM,0.99,0.2,0.08,99.9364676,100,99.92132179,98.79288437,4
,SVM,0.99,0.25,0.08,100,100,100,99.23761118,4
,SVM,0.99,0.3,0.08,99.9364676,100,99.92132179,99.17407878,4
,SVM,0.99,0.4,0.08,99.9364676,100,99.92132179,99.11054638,4
,SVM,0.99,0.1,0.1,99.9364676,100,99.92132179,99.17407878,4
,SVM,0.99,0.15,0.1,99.9364676,100,99.92132179,99.17407878,4
,SVM,0.99,0.2,0.1,99.9364676,100,99.92132179,99.11054638,4
,SVM,0.99,0.25,0.1,99.9364676,100,99.92132179,99.17407878,4
,SVM,0.99,0.3,0.1,99.9364676,100,99.92132179,99.04701398,4
,SVM,0.99,0.4,0.1,99.9364676,100,99.92132179,99.11054638,4
,SVM,0.99,0.1,0.15,100,100,100,99.23761118,4
,SVM,0.99,0.15,0.15,99.9364676,100,99.92132179,98.98348158,4
,SVM,0.99,0.2,0.15,99.9364676,100,99.92132179,99.30114358,4
,SVM,0.99,0.25,0.15,99.9364676,100,99.92132179,99.17407878,4
,SVM,0.99,0.3,0.15,99.9364676,100,99.92132179,99.23761118,4
,SVM,0.99,0.4,0.15,99.9364676,100,99.92132179,99.11054638,4
