1578H763_20200409_OH01_DG06_2_10_torchvision.jpg,0.075073321
1578H763_20200409_OH01_DG06_2_9_torchvision.jpg,0.041760335
1578X721_20200409_OH01_DG06_2_13_torchvision.jpg,0.038313959
1578X721_20200409_OH01_DG06_2_16_torchvision.jpg,0.05779308
1578X721_20200409_OH01_DG06_2_25_torchvision.jpg,0.02615963
1578X721_20200409_OH01_DG06_2_26_torchvision.jpg,0.120452251
1578X721_20200409_OH01_DG06_2_27_torchvision.jpg,0.021663456
1672B291_20200401_OH01_DG06_2_14_torchvision.jpg,0.036674822
1672B291_20200401_OH01_DG06_2_18_torchvision.jpg,0.022331296
1672D721_20200401_OH01_DG06_2_23_torchvision.jpg,0.043427795
1672D721_20200401_OH01_DG06_2_24_torchvision.jpg,0.020591765
1672D721_20200401_OH01_DG06_2_6_torchvision.jpg,0.060187611
1672D721_20200401_OH01_DG06_2_7_torchvision.jpg,0.05671865
1672D721_20200401_OH01_DG06_2_8_torchvision.jpg,0.026486621
1672D721_20200401_OH01_DG06_2_9_torchvision.jpg,0.046854265
1673E672_20200416_OH01_DG06_2_10_torchvision.jpg,0.020897775
1673E672_20200416_OH01_DG06_2_3_torchvision.jpg,0.06867318
1673E672_20200416_OH01_DG06_2_4_torchvision.jpg,0.05494719
1673E672_20200416_OH01_DG06_2_8_torchvision.jpg,0.025277301
1674E732_20200403_OH01_DG06_2_19_torchvision.jpg,0.054277319
1674Z011_20200416_OH01_DG06_2_13_torchvision.jpg,0.006837043
1674Z011_20200416_OH01_DG06_2_14_torchvision.jpg,0.065730615
1674Z011_20200416_OH01_DG06_2_17_torchvision.jpg,0.068749819
1674Z413_20200416_OH01_DG06_2_7_torchvision.jpg,0.11870464
1674Z413_20200416_OH01_DG06_2_8_torchvision.jpg,0.051569739
1674Z812_20200416_OH01_DG06_2_21_torchvision.jpg,0.058603915
1674Z812_20200416_OH01_DG06_2_25_torchvision.jpg,0.007118323
1675S482_20200409_OH01_DG06_2_13_torchvision.jpg,0.041769513
1676Z713_20200403_OH01_DG06_2_18_torchvision.jpg,0.091256633
1676Z713_20200403_OH01_DG06_2_21_torchvision.jpg,0.048611628
1678F614_20200514_OH01_DG06_2_13_torchvision.jpg,0.035320576
1678F614_20200514_OH01_DG06_2_27_torchvision.jpg,0.012104235
1678F614_20200514_OH01_DG06_2_28_torchvision.jpg,0.03663302
1678H971_20200514_OH01_DG06_2_32_torchvision.jpg,0.067257867
1679R341_20200409_OH01_DG06_2_11_torchvision.jpg,0.035253454
1679R341_20200409_OH01_DG06_2_12_torchvision.jpg,0.051549696
1679R341_20200409_OH01_DG06_2_13_torchvision.jpg,0.123292102
1679R341_20200409_OH01_DG06_2_29_torchvision.jpg,0.043396144
1679R341_20200409_OH01_DG06_2_30_torchvision.jpg,0.014406811
1773A891_20200416_OH01_DG06_2_21_torchvision.jpg,0.051154103
1775A532_20200403_OH01_DG06_2_19_torchvision.jpg,0.026517914
1775D301_20200403_OH01_DG06_2_15_torchvision.jpg,0.035336607
1775D301_20200403_OH01_DG06_2_20_torchvision.jpg,0.081842469
1775D821_20200403_OH01_DG06_2_12_torchvision.jpg,0.005953103
1775D821_20200403_OH01_DG06_2_17_torchvision.jpg,0.082390299
1775E951_20200403_OH01_DG06_2_19_torchvision.jpg,0.008401568
1776R262_20200413_OH01_DG06_2_6_torchvision.jpg,0.038425174
1778D521_20200514_OH01_DG06_2_15_torchvision.jpg,0.032251036
1778D551_20200514_OH01_DG06_2_5_torchvision.jpg,0.072142182
1778P951_20200514_OH01_DG06_2_13_torchvision.jpg,0.028325995
1778P951_20200514_OH01_DG06_2_14_torchvision.jpg,0.014770414
1778P951_20200514_OH01_DG06_2_27_torchvision.jpg,0.045127024
1778P951_20200514_OH01_DG06_2_28_torchvision.jpg,0.061307034
1778S292_20200514_OH01_DG06_2_7_torchvision.jpg,0.106885288
1778S292_20200514_OH01_DG06_2_8_torchvision.jpg,0.023910732
1970Y932_20200429_OH01_DG06_2_11_torchvision.jpg,0.054344069
1970Y932_20200429_OH01_DG06_2_13_torchvision.jpg,0.013319258
1970Y932_20200429_OH01_DG06_2_3_torchvision.jpg,0.021350608
1970Y932_20200429_OH01_DG06_2_6_torchvision.jpg,0.018805568
1974E431_20200402_OH01_DG06_2_17_torchvision.jpg,0.045103605
1974E431_20200402_OH01_DG06_2_20_torchvision.jpg,0.076768185
1974E431_20200402_OH01_DG06_2_21_torchvision.jpg,0.054618031
1974H803_20200513_OH01_DG06_2_1_torchvision.jpg,0.017394724
1974X181_20200513_OH01_DG06_2_1_torchvision.jpg,0.042816574
1974X582_20200513_OH01_DG06_2_14_torchvision.jpg,0.097541273
1974X582_20200513_OH01_DG06_2_16_torchvision.jpg,0.023905293
1974X582_20200513_OH01_DG06_2_30_torchvision.jpg,0.0653599
1974X882_20200513_OH01_DG06_2_20_torchvision.jpg,0.011846766
1974X882_20200513_OH01_DG06_2_21_torchvision.jpg,0.073639307
1974X882_20200513_OH01_DG06_2_25_torchvision.jpg,0.070182079
1974X882_20200513_OH01_DG06_2_3_torchvision.jpg,0.063089979
1974X882_20200513_OH01_DG06_2_4_torchvision.jpg,0.052326805
1974X882_20200513_OH01_DG06_2_9_torchvision.jpg,0.108274894
1974X911_20200513_OH01_DG06_2_14_torchvision.jpg,0.053726955
1974X911_20200513_OH01_DG06_2_16_torchvision.jpg,0.072793622
1974X911_20200513_OH01_DG06_2_6_torchvision.jpg,0.023918792
1974X941_20200513_OH01_DG06_2_5_torchvision.jpg,0.058037606
1974X943_20200513_OH01_DG06_2_4_torchvision.jpg,0.030873884
1974X954_20200513_OH01_DG06_2_1_torchvision.jpg,0.034134405
1974X955_20200513_OH01_DG06_2_11_torchvision.jpg,0.037899108
1974X955_20200513_OH01_DG06_2_13_torchvision.jpg,0.007679689
1974X955_20200513_OH01_DG06_2_18_torchvision.jpg,0.017759624
1974X955_20200513_OH01_DG06_2_19_torchvision.jpg,0.041481215
1974Z931_20200513_OH01_DG06_2_10_torchvision.jpg,0.039105097
1974Z931_20200513_OH01_DG06_2_11_torchvision.jpg,0.029215473
1974Z931_20200513_OH01_DG06_2_9_torchvision.jpg,0.06876043
2073A262_20200511_OH01_DG06_2_3_torchvision.jpg,0.084812506
2073A262_20200511_OH01_DG06_2_4_torchvision.jpg,0.075569922
2073A262_20200511_OH01_DG06_2_5_torchvision.jpg,0.040246999
2074A464_20200512_OH01_DG06_2_22_torchvision.jpg,0.104552459
2074A921_20200512_OH01_DG06_2_25_torchvision.jpg,0.100064862
2074D021_20200512_OH01_DG06_2_1_torchvision.jpg,0.035598994
2074D022_20200512_OH01_DG06_2_10_torchvision.jpg,0.042979017
2074D022_20200512_OH01_DG06_2_11_torchvision.jpg,0.05277794
2074D022_20200512_OH01_DG06_2_14_torchvision.jpg,0.066512879
2074D022_20200512_OH01_DG06_2_3_torchvision.jpg,0.030318045
2074D022_20200512_OH01_DG06_2_4_torchvision.jpg,0.07537398
2074D022_20200512_OH01_DG06_2_5_torchvision.jpg,0.043023625
2074D022_20200512_OH01_DG06_2_8_torchvision.jpg,0.079062913
2074D022_20200512_OH01_DG06_2_9_torchvision.jpg,0.043984152
2074D093_20200512_OH01_DG06_2_12_torchvision.jpg,0.015118886
2074D093_20200512_OH01_DG06_2_13_torchvision.jpg,0.081844087
2074D093_20200512_OH01_DG06_2_14_torchvision.jpg,0.100364585
2074D093_20200512_OH01_DG06_2_3_torchvision.jpg,0.01884045
2074D093_20200512_OH01_DG06_2_4_torchvision.jpg,0.051620085
2074D131_20200512_OH01_DG06_2_3_torchvision.jpg,0.019659111
2074D131_20200512_OH01_DG06_2_8_torchvision.jpg,0.03143171
2074D721_20200512_OH01_DG06_2_17_torchvision.jpg,0.105079891
2074D721_20200512_OH01_DG06_2_18_torchvision.jpg,0.195030351
2074D721_20200512_OH01_DG06_2_19_torchvision.jpg,0.067110242
2074D721_20200512_OH01_DG06_2_4_torchvision.jpg,0.127748223
2074D721_20200512_OH01_DG06_2_5_torchvision.jpg,0.09354268
2074P282_20200512_OH01_DG06_2_26_torchvision.jpg,0.08396328
2074P282_20200512_OH01_DG06_2_30_torchvision.jpg,0.107275621
2074P282_20200512_OH01_DG06_2_31_torchvision.jpg,0.097058904
2074P332_20200512_OH01_DG06_2_19_torchvision.jpg,0.019553858
2074P332_20200512_OH01_DG06_2_21_torchvision.jpg,0.034936418
2074P351_20200512_OH01_DG06_2_5_torchvision.jpg,0.035341915
2074P352_20200512_OH01_DG06_2_17_torchvision.jpg,0.04433234
2074P352_20200512_OH01_DG06_2_19_torchvision.jpg,0.073366766
2074P352_20200512_OH01_DG06_2_20_torchvision.jpg,0.025764617
2074P352_20200512_OH01_DG06_2_21_torchvision.jpg,0.065835944
2074P352_20200512_OH01_DG06_2_4_torchvision.jpg,0.105756135
2074P352_20200512_OH01_DG06_2_40_torchvision.jpg,0.018417621
2074P352_20200512_OH01_DG06_2_41_torchvision.jpg,0.018424769
2074P352_20200512_OH01_DG06_2_42_torchvision.jpg,0.040442661
2074P352_20200512_OH01_DG06_2_5_torchvision.jpg,0.027934009
2074P352_20200512_OH01_DG06_2_8_torchvision.jpg,0.004629412
2074P713_20200513_OH01_DG06_2_31_torchvision.jpg,0.013418386
2074P713_20200513_OH01_DG06_2_4_torchvision.jpg,0.066292191
2074P713_20200513_OH01_DG06_2_5_torchvision.jpg,0.029124048
2074P871_20200512_OH01_DG06_2_11_torchvision.jpg,0.02224691
2074P871_20200512_OH01_DG06_2_12_torchvision.jpg,0.061317229
2074P871_20200512_OH01_DG06_2_14_torchvision.jpg,0.045791227
2074P871_20200512_OH01_DG06_2_15_torchvision.jpg,0.041569501
2074P871_20200512_OH01_DG06_2_16_torchvision.jpg,0.003665325
2074P871_20200512_OH01_DG06_2_8_torchvision.jpg,0.06143413
2074P871_20200512_OH01_DG06_2_9_torchvision.jpg,0.052610713
2074P891_20200512_OH01_DG06_2_6_torchvision.jpg,0.067022527
2075W372_20200506_OH01_DG06_2_4_torchvision.jpg,0.039387604
2075X451_20200507_OH01_DG06_2_17_torchvision.jpg,0.053782956
2075X451_20200507_OH01_DG06_2_31_torchvision.jpg,0.033652421
2075X451_20200507_OH01_DG06_2_32_torchvision.jpg,0.036408056
2173X932_20200508_OH01_DG06_2_22_torchvision.jpg,0.025054116
2174H163_20200512_OH01_DG06_2_6_torchvision.jpg,0.019380495
2273A652_20200506_OH01_DG06_2_21_torchvision.jpg,0.108390855
4520_1579D111_176_torchvision.jpg,0.025893555
4520_1579X551_178_torchvision.jpg,0.144750802
4520_1679H301_179_torchvision.jpg,0.031315072
4520_1679S541_180_torchvision.jpg,0.128658184
4520_1679Z341_181_torchvision.jpg,0.018902903
4520_1679Z581_182_torchvision.jpg,0.064522131
4520_1680Z272_183_torchvision.jpg,0.091560195
4520_18792271_184_torchvision.jpg,0.069448337
4520_1977E851_185_torchvision.jpg,0.039969627
4520_1978G931_186_torchvision.jpg,0.027430201
4520_1978H273_187_torchvision.jpg,0.080186742
4520_1978H351_188_torchvision.jpg,0.050099059
4520_1978R512_190_torchvision.jpg,0.042513648
4520_1978Y962_191_torchvision.jpg,0.053250032
4520_1978Z452_192_torchvision.jpg,0.052193809
4520_2068X471_193_torchvision.jpg,0.014835882
4520_2078H441_195_torchvision.jpg,0.023060257
4520_2078R041_196_torchvision.jpg,0.041200792
4520_2078R932_197_torchvision.jpg,0.040358483
4520_2078Y741_198_torchvision.jpg,0.047788091
4520_2079E353_199_torchvision.jpg,0.036993862
4520_2079R992_200_torchvision.jpg,0.029791284
4520_2079X191_202_torchvision.jpg,0.118912312
4520_2080E752_205_torchvision.jpg,0.04126582
4520_2080X442_207_torchvision.jpg,0.009126689
4520_2080X491_208_torchvision.jpg,0.041128524
4520_2080X623_209_torchvision.jpg,0.076559683
4520_2081H482_210_torchvision.jpg,0.049749779
4520_21681512_211_torchvision.jpg,0.034693327
4520_21683381_212_torchvision.jpg,0.061626261
4520_21683593_213_torchvision.jpg,0.016158835
4520_2168Q362_214_torchvision.jpg,0.071568609
4520_2168Q751_215_torchvision.jpg,0.005705289
4520_2169S642_216_torchvision.jpg,0.033947848
4520_2171S981_217_torchvision.jpg,0.014562767
4520_2171Y184_218_torchvision.jpg,0.01500275
4520_2175E771_220_torchvision.jpg,0.066976758
4520_2175F051_221_torchvision.jpg,0.117171548
4520_2175F581_222_torchvision.jpg,0.054220719
4520_2175F902_223_torchvision.jpg,0.031104806
4520_2176E201_224_torchvision.jpg,0.00987822
4520_2176G121_225_torchvision.jpg,0.047060312
4520_2176Q791_226_torchvision.jpg,0.022374922
4520_2176Q791_227_torchvision.jpg,0.040705272
4520_2176W421_228_torchvision.jpg,0.056539722
4520_2176W912_230_torchvision.jpg,0.036872932
4520_2176X122_231_torchvision.jpg,0.053933427
4520_2176Z412_232_torchvision.jpg,0.088780814
4520_2176Z561_233_torchvision.jpg,0.049911122
4520_21771203_234_torchvision.jpg,0.011781989
4520_21771861_235_torchvision.jpg,0.109248367
4520_2177P232_236_torchvision.jpg,0.019726736
4520_2177R382_237_torchvision.jpg,0.120571105
4520_2180D691_240_torchvision.jpg,0.029021487
4520_2181S751_241_torchvision.jpg,0.076033523
4520_2182Y522_242_torchvision.jpg,0.040952216
4520_2182Z271_243_torchvision.jpg,0.017680882
4520_2182Z551_244_torchvision.jpg,0.107537888
4520_2266B001_245_torchvision.jpg,0.048800428
4520_22671862_246_torchvision.jpg,0.040598787
4520_2267F091_247_torchvision.jpg,0.036016965
4520_2267G412_248_torchvision.jpg,0.03086669
4520_22683991_250_torchvision.jpg,0.033997407
4520_2268F473_251_torchvision.jpg,0.086685189
4520_2268W191_252_torchvision.jpg,0.082072926
4520_2268X221_253_torchvision.jpg,0.026307121
4520_2268X895_254_torchvision.jpg,0.105878249
4520_2268Y481_255_torchvision.jpg,0.079416232
4520_2269E181_257_torchvision.jpg,0.046417452
4520_2269F011_258_torchvision.jpg,0.070495772
4520_2269G091_259_torchvision.jpg,0.097837235
4520_22702162_260_torchvision.jpg,0.019533704
4520_2270H831_261_torchvision.jpg,0.070031344
4520_2270S501_262_torchvision.jpg,0.028451284
4520_2271D423_263_torchvision.jpg,0.03765359
4520_2271P641_265_torchvision.jpg,0.042863231
4520_2271Q021_266_torchvision.jpg,0.022403051
4520_2271Q031_267_torchvision.jpg,0.08271787
4520_2271W933_268_torchvision.jpg,0.024855176
4520_2271X902_269_torchvision.jpg,0.068433583
4520_2271Z911_270_torchvision.jpg,0.021953147
4520_2272H701_271_torchvision.jpg,0.092261217
4520_2272X161_272_torchvision.jpg,0.016830278
4520_2273E292_274_torchvision.jpg,0.072895829
4520_2273E373_275_torchvision.jpg,0.014803083
4520_2273E613_276_torchvision.jpg,0.053303932
4520_2273E644_277_torchvision.jpg,0.099079671
4520_2273G921_278_torchvision.jpg,0.024270526
4520_2273H311_279_torchvision.jpg,0.038548712
4520_2273H323_281_torchvision.jpg,0.038367662
4520_2273H414_282_torchvision.jpg,0.046540791
4520_2273X641_285_torchvision.jpg,0.029842219
4520_2273Z691_286_torchvision.jpg,0.066594795
4520_2273Z953_288_torchvision.jpg,0.044704785
4520_2274B693_290_torchvision.jpg,0.062341398
4520_2274B861_291_torchvision.jpg,0.072862743
4520_2274B951_292_torchvision.jpg,0.079644062
4520_2274C521_293_torchvision.jpg,0.044473336
4520_2274C711_294_torchvision.jpg,0.044329549
4520_2274D051_295_torchvision.jpg,0.130467536
4520_2274E063_296_torchvision.jpg,0.021223352
4520_2274G192_297_torchvision.jpg,0.022498969
4520_2274H202_299_torchvision.jpg,0.029962597
4520_2274H741_300_torchvision.jpg,0.075371428
4520_2274Q121_301_torchvision.jpg,0.02802221
4520_2274Q952_304_torchvision.jpg,0.022759046
4520_2274Q961_305_torchvision.jpg,0.049183151
4520_2274W692_306_torchvision.jpg,0.05320352
4520_2275A121_308_torchvision.jpg,0.021436095
4520_2275A736_309_torchvision.jpg,0.125011996
4520_2275D501_313_torchvision.jpg,0.079210518
4520_2275D502_314_torchvision.jpg,0.030714621
4520_2275D513_315_torchvision.jpg,0.037703433
4520_2275E033_316_torchvision.jpg,0.052422229
4520_2275E097_317_torchvision.jpg,0.009187498
4520_2275E122_318_torchvision.jpg,0.132841114
4520_2275E151_319_torchvision.jpg,0.050943918
4520_2275E273_320_torchvision.jpg,0.072650408
4520_2275F142_321_torchvision.jpg,0.027719952
4520_2275F241_322_torchvision.jpg,0.046971036
4520_2275P311_323_torchvision.jpg,0.004001128
4520_2275P831_324_torchvision.jpg,0.060645842
4520_2275P931_325_torchvision.jpg,0.021281784
4520_2275Q151_326_torchvision.jpg,0.026205845
4520_2275Q396_327_torchvision.jpg,0.051668606
4520_2275Q943_328_torchvision.jpg,0.00835664
4520_2275S251_330_torchvision.jpg,0.006957177
4520_2275W413_331_torchvision.jpg,0.085047484
4520_2276C871_333_torchvision.jpg,0.019189888
4520_2276C961_334_torchvision.jpg,0.021184391
4520_2276D734_336_torchvision.jpg,0.125341643
4520_2276E571_337_torchvision.jpg,0.029680894
4520_2276P041_338_torchvision.jpg,0.029556595
4520_2276Q801_339_torchvision.jpg,0.087127508
4520_2276S831_340_torchvision.jpg,0.055047268
4520_2277A111_342_torchvision.jpg,0.022293521
4520_2277B023_343_torchvision.jpg,0.034554259
4520_2277F971_344_torchvision.jpg,0.044136176
4520_2277G901_345_torchvision.jpg,0.059562002
4520_2277Y402_346_torchvision.jpg,0.014501977
4520_2277Z161_348_torchvision.jpg,0.028441376
4520_2277Z171_349_torchvision.jpg,0.097894561
4520_2277Z471_352_torchvision.jpg,0.006246374
4520_2278P901_354_torchvision.jpg,0.063429406
4520_2278X322_355_torchvision.jpg,0.027595932
4520_2279P971_356_torchvision.jpg,0.045770595
4520_2280F331_357_torchvision.jpg,0.020553027
4520_2363S391_358_torchvision.jpg,0.073587899
4520_2364W003_359_torchvision.jpg,0.109297835
4520_2364W042_360_torchvision.jpg,0.033751353
4520_2364Y161_361_torchvision.jpg,0.038500622
4520_2365H841_362_torchvision.jpg,0.00913376
4520_2365Y161_364_torchvision.jpg,0.064374606
4520_2366D551_365_torchvision.jpg,0.050593401
4520_2366P871_366_torchvision.jpg,0.042421317
4520_2366P881_367_torchvision.jpg,0.042291422
4520_2366W642_368_torchvision.jpg,0.01146669
4520_23672884_369_torchvision.jpg,0.034105365
4520_23672984_370_torchvision.jpg,0.047189575
4520_2367S991_371_torchvision.jpg,0.078784261
4520_23681065_372_torchvision.jpg,0.032589461
4520_23682211_374_torchvision.jpg,0.057985916
4520_23682396_375_torchvision.jpg,0.042932485
4520_23684192_377_torchvision.jpg,0.039792006
4520_2368A871_378_torchvision.jpg,0.051733456
4520_2368B712_379_torchvision.jpg,0.080594101
4520_2368P321_380_torchvision.jpg,0.023289136
4520_23694133_381_torchvision.jpg,0.111373034
4520_2369B501_382_torchvision.jpg,0.030839927
4520_2369G561_383_torchvision.jpg,0.007025098
4520_2369H471_384_torchvision.jpg,0.02501035
4520_2370A561_385_torchvision.jpg,0.076113343
4520_2370A701_386_torchvision.jpg,0.044339868
4520_2370B282_387_torchvision.jpg,0.01632732
4520_2370F141_388_torchvision.jpg,0.049769388
4520_2370P932_389_torchvision.jpg,0.085086877
4520_2371C902_391_torchvision.jpg,0.082456329
4520_2371D341_392_torchvision.jpg,0.018869925
4520_2371P821_393_torchvision.jpg,0.025438176
4520_2371S342_394_torchvision.jpg,0.064865292
4520_2371S581_395_torchvision.jpg,0.070429959
4520_2372A001_396_torchvision.jpg,0.091851411
4520_2372A131_397_torchvision.jpg,0.021137097
4520_2372A282_398_torchvision.jpg,0.049915687
4520_2372A463_399_torchvision.jpg,0.041112717
4520_2372C181_400_torchvision.jpg,0.061890482
4520_2372C342_401_torchvision.jpg,0.106791123
4520_2372E661_403_torchvision.jpg,0.019014467
4520_2372P381_404_torchvision.jpg,0.034041987
4520_2372R652_405_torchvision.jpg,0.063589181
4520_2372R803_406_torchvision.jpg,0.046966263
4520_2372R811_407_torchvision.jpg,0.067964407
4520_2372X151_408_torchvision.jpg,0.06380972
4520_2373A161_409_torchvision.jpg,0.070438293
4520_2373A194_410_torchvision.jpg,0.039027756
4520_2373A412_411_torchvision.jpg,0.041135944
4520_2373A531_412_torchvision.jpg,0.019591289
4520_2373A532_413_torchvision.jpg,0.033603249
4520_2373A683_414_torchvision.jpg,0.007912459
4520_2373Q203_416_torchvision.jpg,0.049338793
4520_2373R063_417_torchvision.jpg,0.026543893
4520_2373R171_418_torchvision.jpg,0.041198261
4520_2373R255_419_torchvision.jpg,0.037310103
4520_2373R582_420_torchvision.jpg,0.027466074
4520_2373S911_422_torchvision.jpg,0.075145
4520_2374A201_423_torchvision.jpg,0.029794569
4520_2374C072_424_torchvision.jpg,0.067333213
4520_2374F961_425_torchvision.jpg,0.091804623
4520_2374H462_426_torchvision.jpg,0.042396992
4520_2374H642_427_torchvision.jpg,0.04482806
4520_2374W756_429_torchvision.jpg,0.023419698
4520_2374Y621_430_torchvision.jpg,0.031761752
4520_2374Y742_431_torchvision.jpg,0.084410187
4520_2375G742_432_torchvision.jpg,0.047749864
4520_2377B281_433_torchvision.jpg,0.051185677
4520_2377G914_435_torchvision.jpg,0.057411096
4520_2377P793_436_torchvision.jpg,0.015888151
4520_2378E812_437_torchvision.jpg,0.053646086
4520_2378E921_438_torchvision.jpg,0.07638251
4520_2378Z343_439_torchvision.jpg,0.070175363
4520_2380Q153_441_torchvision.jpg,0.035436819
4520_2380S391_442_torchvision.jpg,0.074660464
4520_2380X651_443_torchvision.jpg,0.044561016
4520_2381C753_444_torchvision.jpg,0.074639052
4520_2381D272_445_torchvision.jpg,0.057027543
4520_2381Q591_446_torchvision.jpg,0.03087067
4520_2381X371_447_torchvision.jpg,0.034600474
4520_2381Y391_448_torchvision.jpg,0.039845857
4520_2465A141_449_torchvision.jpg,0.055373051
4520_2465C661_450_torchvision.jpg,0.066288612
4520_2466Q202_451_torchvision.jpg,0.017766629
4520_2466Q872_452_torchvision.jpg,0.069865312
4520_2466R761_453_torchvision.jpg,0.030840661
4520_2467D081_454_torchvision.jpg,0.061692435
4520_2468G281_456_torchvision.jpg,0.043583915
4520_2468R441_457_torchvision.jpg,0.037922571
4520_2469Q371_458_torchvision.jpg,0.028063234
4520_2469X731_459_torchvision.jpg,0.101378619
4520_2470D142_460_torchvision.jpg,0.044859171
4520_2470D872_461_torchvision.jpg,0.0554997
4520_2470G833_462_torchvision.jpg,0.032218386
4520_2470R631_464_torchvision.jpg,0.042047797
4520_2470R781_465_torchvision.jpg,0.023999333
4520_2470S401_466_torchvision.jpg,0.013371988
4520_2470W531_467_torchvision.jpg,0.021536251
4520_2470Z851_468_torchvision.jpg,0.04982267
4520_2470Z861_469_torchvision.jpg,0.053311612
4520_2473P841_470_torchvision.jpg,0.087660515
4520_2473P861_471_torchvision.jpg,0.067257198
4520_2474S552_472_torchvision.jpg,0.073120646
4520_2474X671_473_torchvision.jpg,0.034078756
4520_2478E202_475_torchvision.jpg,0.065057644
4520_2478X071_476_torchvision.jpg,0.074510388
4520_2478X231_477_torchvision.jpg,0.053452501
4520_2479B613_478_torchvision.jpg,0.075645949
4520_2479C991_479_torchvision.jpg,0.00463941
4520_2479D852_480_torchvision.jpg,0.044735816
4520_2479D951_481_torchvision.jpg,0.09495594
4520_2479G352_482_torchvision.jpg,0.078047987
4520_2479G651_483_torchvision.jpg,0.051201792
4520_2479R191_484_torchvision.jpg,0.059505786
4520_2479S411_485_torchvision.jpg,0.02660348
4520_2479W462_486_torchvision.jpg,0.039594285
4520_2480H951_488_torchvision.jpg,0.023084714
4520_2480X523_490_torchvision.jpg,0.082349135
4520_2480X551_491_torchvision.jpg,0.046620496
4520_2567P591_492_torchvision.jpg,0.082091471
4520_2568R951_493_torchvision.jpg,0.042231712
4520_25693893_494_torchvision.jpg,0.059312377
4520_2569P022_495_torchvision.jpg,0.009382365
4520_2570Z751_499_torchvision.jpg,0.038474294
4520_2571H741_501_torchvision.jpg,0.048459152
4520_2571Z472_502_torchvision.jpg,0.029008317
4520_2573A082_503_torchvision.jpg,0.073925211
4520_2575Y082_505_torchvision.jpg,0.03162911
4520_2576W851_506_torchvision.jpg,0.056077344
4520_2576X221_507_torchvision.jpg,0.058533387
4520_2577A732_508_torchvision.jpg,0.070861488
4520_2578W741_513_torchvision.jpg,0.072804209
4520_2579W092_514_torchvision.jpg,0.041407094
4520_2580A271_517_torchvision.jpg,0.050879696
4520_2580C561_518_torchvision.jpg,0.047367163
4520_2580R821_519_torchvision.jpg,0.027786159
4520_2580R831_520_torchvision.jpg,0.04242945
4520_2580X461_521_torchvision.jpg,0.066737396
4520_2581R981_522_torchvision.jpg,0.056233578
4520_26711612_524_torchvision.jpg,0.039116046
4520_26711721_525_torchvision.jpg,0.041382614
4520_26711933_527_torchvision.jpg,0.044722621
4520_26712953_528_torchvision.jpg,0.123423186
4520_26712963_529_torchvision.jpg,0.039270033
4520_26713082_530_torchvision.jpg,0.012442565
4520_26713497_531_torchvision.jpg,0.071630467
4520_26714081_532_torchvision.jpg,0.055878107
4520_2678B561_533_torchvision.jpg,0.058106851
4520_2678B742_534_torchvision.jpg,0.006188369
4520_2679G504_536_torchvision.jpg,0.071436939
4520_2679X672_537_torchvision.jpg,0.03012508
4520_2680Q851_539_torchvision.jpg,0.079927642
4520_2680X621_540_torchvision.jpg,0.031376558
4520_2681Y451_541_torchvision.jpg,0.014371866
4520_2770A032_542_torchvision.jpg,0.049028413
4520_27713562_543_torchvision.jpg,0.035390489
4520_2771R621_544_torchvision.jpg,0.043879272
4520_27724082_545_torchvision.jpg,0.082377587
4520_27724442_546_torchvision.jpg,0.051842225
4520_2774Z961_549_torchvision.jpg,0.100550956
4520_2775B111_550_torchvision.jpg,0.044470645
4520_2775W151_551_torchvision.jpg,0.032927768
4520_2776W911_553_torchvision.jpg,0.042694663
4520_2778A561_554_torchvision.jpg,0.02869041
4520_2779C931_555_torchvision.jpg,0.044431327
4520_2779G021_556_torchvision.jpg,0.053845753
4520_2779Q231_557_torchvision.jpg,0.077852848
4520_2779Y122_558_torchvision.jpg,0.095459024
4520_28721031_559_torchvision.jpg,0.031715333
4520_28732531_561_torchvision.jpg,0.054642105
4520_28733422_562_torchvision.jpg,0.017425247
4520_2873G711_563_torchvision.jpg,0.051594577
4520_2877B231_565_torchvision.jpg,0.020896401
4520_2973A091_566_torchvision.jpg,0.051827647
4520_2973C141_567_torchvision.jpg,0.093579527
4520_2973E171_568_torchvision.jpg,0.012128425
4520_2974F161_569_torchvision.jpg,0.022278229
4520_2974F291_570_torchvision.jpg,0.039692788
4520_2974H691_572_torchvision.jpg,0.089874741
4520_2974R652_573_torchvision.jpg,0.046173245
4520_2974S752_574_torchvision.jpg,0.039832643
4520_2976B021_576_torchvision.jpg,0.089021477
4520_2976P562_577_torchvision.jpg,0.045839955
4520_2976R491_579_torchvision.jpg,0.056746337
4520_30731611_580_torchvision.jpg,0.043792981
4520_3076S741_581_torchvision.jpg,0.027334915
4520_31721561_583_torchvision.jpg,0.023237781
4520_31734582_584_torchvision.jpg,0.048280263
4520_3173R801_585_torchvision.jpg,0.026418351
4520_3175A271_586_torchvision.jpg,0.04123933
4520_3177D691_588_torchvision.jpg,0.046584362
4520_3178S232_589_torchvision.jpg,0.018770647
4520_33732782_591_torchvision.jpg,0.105483174
4520_33732891_592_torchvision.jpg,0.025084778
4520_33734672_593_torchvision.jpg,0.019975821
4592_7998A981_594_torchvision.jpg,0.047371444
4592_7998E272_595_torchvision.jpg,0.022623355
4592_7998E461_596_torchvision.jpg,0.019687911
4592_8098E631_597_torchvision.jpg,0.050662001
7815_1471A932_598_torchvision.jpg,0.023688024
7815_1472E721_599_torchvision.jpg,0.050731037
7815_1472F931_600_torchvision.jpg,0.045104529
7815_1472G501_601_torchvision.jpg,0.063431804
7815_1473Z411_602_torchvision.jpg,0.088062032
7815_1474C901_603_torchvision.jpg,0.052037772
7815_1477E861_604_torchvision.jpg,0.03364374
7815_1477F671_605_torchvision.jpg,0.038259808
7815_1479Y162_606_torchvision.jpg,0.052174695
7815_1571F492_607_torchvision.jpg,0.04923242
7815_1573P711_609_torchvision.jpg,0.044906621
7815_1573P882_610_torchvision.jpg,0.030862954
7815_1573R351_611_torchvision.jpg,0.003630853
7815_1574H882_612_torchvision.jpg,0.060221034
7815_1574Y493_613_torchvision.jpg,0.003789317
7815_1575E181_614_torchvision.jpg,0.006550745
7815_1575F041_615_torchvision.jpg,0.00634658
7815_1575Y463_616_torchvision.jpg,0.019583832
7815_1576Y911_617_torchvision.jpg,0.007810829
7815_1577D522_618_torchvision.jpg,0.025354831
7815_1577G301_619_torchvision.jpg,0.115678947
7815_1577H791_621_torchvision.jpg,0.082552819
7815_1579Z231_622_torchvision.jpg,0.043206312
7815_1671R751_623_torchvision.jpg,0.041847582
7815_1673F261_625_torchvision.jpg,0.015541019
7815_1673F901_626_torchvision.jpg,0.037303159
7815_1673S341_628_torchvision.jpg,0.070343489
7815_1673S521_629_torchvision.jpg,0.036138082
7815_1674G721_630_torchvision.jpg,0.029810589
7815_1675D851_632_torchvision.jpg,0.024104149
7815_1675W871_633_torchvision.jpg,0.075455278
7815_1675Z631_634_torchvision.jpg,0.049774044
7815_1676C032_635_torchvision.jpg,0.006296631
7815_1676E351_636_torchvision.jpg,0.087024154
7815_1677A421_637_torchvision.jpg,0.047068606
7815_1677D201_638_torchvision.jpg,0.045468431
7815_1677R182_639_torchvision.jpg,0.115754053
7815_1677S221_640_torchvision.jpg,0.03792091
7815_1677X752_641_torchvision.jpg,0.045786175
7815_1678P861_642_torchvision.jpg,0.05626296
7815_1770G201_643_torchvision.jpg,0.03957045
7815_1770G401_644_torchvision.jpg,0.056801753
7815_1770H151_646_torchvision.jpg,0.069002139
7815_1770Q971_647_torchvision.jpg,0.077557322
7815_1770Q971_648_torchvision.jpg,0.023758333
7815_1770W061_649_torchvision.jpg,0.06751502
7815_17714084_650_torchvision.jpg,0.047117245
7815_1771C021_651_torchvision.jpg,0.074730604
7815_1771Y901_652_torchvision.jpg,0.006528861
7815_17724802_653_torchvision.jpg,0.039463206
7815_1772C391_654_torchvision.jpg,0.00860182
7815_1773A891_655_torchvision.jpg,0.028231074
7815_1774E441_656_torchvision.jpg,0.015720793
7815_1774H261_657_torchvision.jpg,0.077157482
7815_1775D511_658_torchvision.jpg,0.044542882
7815_1775F161_659_torchvision.jpg,0.029036477
7815_1775G332_660_torchvision.jpg,0.036842521
7815_1776G402_661_torchvision.jpg,0.036248536
7815_1776R262_662_torchvision.jpg,0.021443608
7815_1776R262_663_torchvision.jpg,0.028184238
7815_1866F861_664_torchvision.jpg,0.040538119
7815_1866G461_665_torchvision.jpg,0.055860531
7815_18692902_666_torchvision.jpg,0.040006494
7815_1870D831_667_torchvision.jpg,0.032398693
7815_1871P741_668_torchvision.jpg,0.05395907
7815_1871X581_669_torchvision.jpg,0.037994264
7815_1874H221_670_torchvision.jpg,0.038440519
7815_1874H522_671_torchvision.jpg,0.006264046
7815_1874H741_672_torchvision.jpg,0.06260831
7815_1874H961_673_torchvision.jpg,0.043201229
7815_1875A971_674_torchvision.jpg,0.115441468
7815_1875D041_675_torchvision.jpg,0.010825445
7815_1875D311_676_torchvision.jpg,0.010691513
7815_1964E441_678_torchvision.jpg,0.074417655
7815_1964E442_679_torchvision.jpg,0.033640866
7815_1965E501_680_torchvision.jpg,0.025990705
7815_1966F013_682_torchvision.jpg,0.036533387
7815_1967E671_683_torchvision.jpg,0.075908357
7815_1968B351_684_torchvision.jpg,0.037422826
7815_1969H751_685_torchvision.jpg,0.048337809
7815_1969X181_686_torchvision.jpg,0.065899959
7815_1970X023_687_torchvision.jpg,0.0765874
7815_1970Z891_689_torchvision.jpg,0.05089274
7815_1971G052_690_torchvision.jpg,0.10120908
7815_19721234_691_torchvision.jpg,0.039333914
7815_1972H971_692_torchvision.jpg,0.039773225
7815_1973R692_693_torchvision.jpg,0.024085436
7815_1973W411_694_torchvision.jpg,0.050296885
7815_1974B083_695_torchvision.jpg,0.098403
7815_1974F064_696_torchvision.jpg,0.086429941
7815_1974X881_698_torchvision.jpg,0.075082596
7815_1974Y191_699_torchvision.jpg,0.058002119
7815_1974Y687_700_torchvision.jpg,0.039939026
7815_1974Z462_701_torchvision.jpg,0.02772068
7815_1975C371_703_torchvision.jpg,0.01732204
7815_1975E191_704_torchvision.jpg,0.059110042
7815_1975S326_705_torchvision.jpg,0.021015347
7815_1975Z891_706_torchvision.jpg,0.046325776
7815_1975Z891_707_torchvision.jpg,0.05207841
7815_1976Q351_709_torchvision.jpg,0.099115185
7815_2064W461_711_torchvision.jpg,0.028729161
7815_2065C261_712_torchvision.jpg,0.015998564
7815_2068C701_714_torchvision.jpg,0.071265054
7815_2070C552_717_torchvision.jpg,0.035174433
7815_2070P274_718_torchvision.jpg,0.027122372
7815_2071X121_719_torchvision.jpg,0.043636807
7815_2073A262_721_torchvision.jpg,0.08134634
7815_2073E702_724_torchvision.jpg,0.047608361
7815_2073Y691_726_torchvision.jpg,0.061818554
7815_2074A826_727_torchvision.jpg,0.031160103
7815_2074A921_728_torchvision.jpg,0.034771602
7815_2074C082_730_torchvision.jpg,0.023357589
7815_2074C962_731_torchvision.jpg,0.058697795
7815_2074E222_732_torchvision.jpg,0.056331998
7815_2074E341_733_torchvision.jpg,0.077627492
7815_2074E941_734_torchvision.jpg,0.038809182
7815_2074F391_735_torchvision.jpg,0.039280737
7815_2074F655_736_torchvision.jpg,0.030090356
7815_2074G372_739_torchvision.jpg,0.048686958
7815_2074G752_741_torchvision.jpg,0.066882317
7815_2074G763_742_torchvision.jpg,0.08960556
7815_2074H213_744_torchvision.jpg,0.048332714
7815_2074H233_745_torchvision.jpg,0.02842224
7815_2074H422_746_torchvision.jpg,0.029045663
7815_2074P002_748_torchvision.jpg,0.112049026
7815_2074P693_749_torchvision.jpg,0.040612474
7815_2074P702_750_torchvision.jpg,0.036688008
7815_2074R111_752_torchvision.jpg,0.009048666
7815_2074W041_753_torchvision.jpg,0.06542583
7815_2074Y094_754_torchvision.jpg,0.097331099
7815_2074Y331_756_torchvision.jpg,0.07688298
7815_2074Y361_757_torchvision.jpg,0.071810096
7815_2074Y911_759_torchvision.jpg,0.053644236
7815_2075B901_760_torchvision.jpg,0.045676831
7815_2075E421_761_torchvision.jpg,0.037106872
7815_2075E523_762_torchvision.jpg,0.076496983
7815_2075F643_763_torchvision.jpg,0.045117135
7815_2075Q982_764_torchvision.jpg,0.013068368
7815_2075S791_766_torchvision.jpg,0.029837341
7815_2075X332_768_torchvision.jpg,0.043395134
7815_2075X651_769_torchvision.jpg,0.012757061
7815_2075Z053_770_torchvision.jpg,0.072215019
7815_2075Z801_773_torchvision.jpg,0.106185252
7815_2075Z821_774_torchvision.jpg,0.02601702
7815_2165D871_775_torchvision.jpg,0.109089031
7815_2170Q212_776_torchvision.jpg,0.059063732
7815_2171C641_777_torchvision.jpg,0.017206487
7815_2172E981_779_torchvision.jpg,0.074350365
7815_2172G562_780_torchvision.jpg,0.097444201
7815_2172S282_781_torchvision.jpg,0.023633414
7815_2172W931_783_torchvision.jpg,0.025491197
7815_2173F922_786_torchvision.jpg,0.061826764
7815_2173F931_787_torchvision.jpg,0.091950037
7815_2173G061_789_torchvision.jpg,0.034332573
7815_2173H931_790_torchvision.jpg,0.065410019
7815_2173X852_791_torchvision.jpg,0.058449049
7815_2173X932_792_torchvision.jpg,0.010629196
7815_2174A001_793_torchvision.jpg,0.018824432
7815_2174A062_794_torchvision.jpg,0.046352533
7815_2174A303_795_torchvision.jpg,0.072186359
7815_2174B363_796_torchvision.jpg,0.020537679
7815_2174C122_797_torchvision.jpg,0.053727966
7815_2174C131_798_torchvision.jpg,0.026157685
7815_2174C644_800_torchvision.jpg,0.067237925
7815_2174D012_801_torchvision.jpg,0.104991803
7815_2174F741_802_torchvision.jpg,0.021618238
7815_2174H091_803_torchvision.jpg,0.074977963
7815_2174S562_805_torchvision.jpg,0.085732291
7815_2174S562_806_torchvision.jpg,0.055693331
7815_2174W022_807_torchvision.jpg,0.117057315
7815_2174W552_808_torchvision.jpg,0.05663795
7815_2174W743_809_torchvision.jpg,0.050683236
7815_2174X231_810_torchvision.jpg,0.00778577
7815_2174Y851_812_torchvision.jpg,0.065720966
7815_2174Y872_813_torchvision.jpg,0.035781335
7815_2174Z772_815_torchvision.jpg,0.087568106
7815_2175B461_816_torchvision.jpg,0.051193732
7815_2175G052_817_torchvision.jpg,0.026398406
7815_2175Q441_819_torchvision.jpg,0.016945109
7815_2175R432_820_torchvision.jpg,0.086870584
7815_2175R641_821_torchvision.jpg,0.043202633
7815_2175R643_822_torchvision.jpg,0.004351817
7815_2175R671_823_torchvision.jpg,0.044477195
7815_2175R732_824_torchvision.jpg,0.070694048
7815_2175R782_825_torchvision.jpg,0.020394756
7815_2175S351_826_torchvision.jpg,0.0046156
7815_2175S483_827_torchvision.jpg,0.022753797
7815_2175W582_828_torchvision.jpg,0.044948887
7815_2175W952_829_torchvision.jpg,0.038760865
7815_2175X191_830_torchvision.jpg,0.037028804
7815_2175X524_831_torchvision.jpg,0.11123269
7815_2175Y551_832_torchvision.jpg,0.004543983
7815_2176P921_833_torchvision.jpg,0.042895907
7815_2176R872_834_torchvision.jpg,0.069705253
7815_2272E381_835_torchvision.jpg,0.03576286
7815_2273A963_836_torchvision.jpg,0.012761282
7815_2273B233_837_torchvision.jpg,0.062571804
7815_2273B242_838_torchvision.jpg,0.041603534
7815_2273C951_843_torchvision.jpg,0.042470047
7815_2273D281_844_torchvision.jpg,0.008491287
7815_2273R381_845_torchvision.jpg,0.028631538
7815_2274S224_846_torchvision.jpg,0.046235864
