fog/light/4520_2276Q801_339_torchvision.jpg,0.09258324450824515
fog/light/1974X882_20200513_OH01_DG06_2_4_torchvision.jpg,0.0718324084260235
fog/light/4520_2374Y742_431_torchvision.jpg,0.07676872045124286
fog/light/4520_2366P871_366_torchvision.jpg,0.04074682885712835
fog/light/4520_2465A141_449_torchvision.jpg,0.04431371797858849
fog/light/4520_2274C711_294_torchvision.jpg,0.042401006623994555
fog/light/2074P871_20200512_OH01_DG06_2_16_torchvision.jpg,0.04018254027262033
fog/light/4520_2474X671_473_torchvision.jpg,0.038867032164423804
fog/light/4520_3173R801_585_torchvision.jpg,0.029283531200782642
fog/light/7815_1770G401_644_torchvision.jpg,0.06909146135451276
fog/light/7815_2273A963_836_torchvision.jpg,0.04364059365476313
fog/light/4520_2470R631_464_torchvision.jpg,0.053467601169697496
fog/light/4520_2372E661_403_torchvision.jpg,0.01980949218197226
fog/light/4520_2779G021_556_torchvision.jpg,0.05909332021384054
fog/light/4520_2378Z343_439_torchvision.jpg,0.05949468630780618
fog/light/4520_2273E373_275_torchvision.jpg,0.012014446592012673
fog/light/7815_1673S521_629_torchvision.jpg,0.03638092782048584
fog/light/1974X882_20200513_OH01_DG06_2_25_torchvision.jpg,0.07856082087261435
fog/light/4520_2275Q943_328_torchvision.jpg,0.018598938100503774
fog/light/7815_1776R262_662_torchvision.jpg,0.023354183138642466
fog/light/1778S292_20200514_OH01_DG06_2_7_torchvision.jpg,0.04131910215851318
fog/light/4520_2372X151_408_torchvision.jpg,0.06348445058434615
fog/light/4520_2571Z472_502_torchvision.jpg,0.029735396141003467
fog/light/4520_26713082_530_torchvision.jpg,0.08024322928047868
fog/light/4520_2381X371_447_torchvision.jpg,0.03450673046068568
fog/light/4520_2373A161_409_torchvision.jpg,0.0515868133490054
fog/light/4520_2273H414_282_torchvision.jpg,0.028034250927530778
fog/light/4520_2274C521_293_torchvision.jpg,0.03876274595753575
fog/light/4520_2479R191_484_torchvision.jpg,0.05172728857867306
fog/light/4520_2268X221_253_torchvision.jpg,0.024964268813524974
fog/light/4520_26713497_531_torchvision.jpg,0.07983674201614302
fog/light/4520_2371D341_392_torchvision.jpg,0.03520306307781308
fog/light/1672D721_20200401_OH01_DG06_2_24_torchvision.jpg,0.01688448039797825
fog/light/4520_33732891_592_torchvision.jpg,0.03126177866386815
fog/light/4520_18792271_184_torchvision.jpg,0.06282842048766848
fog/light/7815_1472G501_601_torchvision.jpg,0.07446277161105025
fog/light/7815_1573R351_611_torchvision.jpg,0.050480142245798346
fog/light/7815_2074C962_731_torchvision.jpg,0.0508864938684515
fog/light/2074D093_20200512_OH01_DG06_2_3_torchvision.jpg,0.022107378529383343
fog/light/4520_2570Z751_499_torchvision.jpg,0.03501852173453597
fog/light/4520_1978Z452_192_torchvision.jpg,0.04489169456244647
fog/light/7815_2175R782_825_torchvision.jpg,0.01933463571356916
fog/light/4520_2778A561_554_torchvision.jpg,0.021422240583341374
fog/light/4520_2569P022_495_torchvision.jpg,0.01649795944322191
fog/light/4520_28721031_559_torchvision.jpg,0.03782242101635786
fog/light/4520_1579D111_176_torchvision.jpg,0.03179698204910683
fog/light/7815_1968B351_684_torchvision.jpg,0.038089697497675656
fog/light/7815_1967E671_683_torchvision.jpg,0.07345506166006212
fog/light/1672D721_20200401_OH01_DG06_2_6_torchvision.jpg,0.061403425145948536
fog/light/4520_2182Y522_242_torchvision.jpg,0.04108432787633147
fog/light/4520_2268X895_254_torchvision.jpg,0.10377260552400493
fog/light/4520_2568R951_493_torchvision.jpg,0.044546313891425465
fog/light/1673E672_20200416_OH01_DG06_2_4_torchvision.jpg,0.048041634851819795
fog/light/2074D131_20200512_OH01_DG06_2_8_torchvision.jpg,0.015511007700096469
fog/light/2074P871_20200512_OH01_DG06_2_15_torchvision.jpg,0.04593029968654981
fog/light/4520_2470G833_462_torchvision.jpg,0.054009418518855594
fog/light/4520_21681512_211_torchvision.jpg,0.04192201004201977
fog/light/4520_1679Z341_181_torchvision.jpg,0.024592591459026085
fog/light/7815_1971G052_690_torchvision.jpg,0.07018406294036114
fog/light/4520_2274D051_295_torchvision.jpg,0.10884818842727137
fog/light/7815_2173H931_790_torchvision.jpg,0.048393089649541546
fog/light/2074P282_20200512_OH01_DG06_2_31_torchvision.jpg,0.05299009586401895
fog/light/4520_2479D852_480_torchvision.jpg,0.024201228131167558
fog/light/4520_2974F291_570_torchvision.jpg,0.04333565025854543
fog/light/2073A262_20200511_OH01_DG06_2_5_torchvision.jpg,0.04289955283711813
fog/light/7815_2273B242_838_torchvision.jpg,0.04050243525831843
fog/light/4520_2267G412_248_torchvision.jpg,0.054569677676982606
fog/light/7815_1579Z231_622_torchvision.jpg,0.05116565537410832
fog/light/7815_1874H741_672_torchvision.jpg,0.07487798922603467
fog/light/4520_2273Z691_286_torchvision.jpg,0.04504650496513536
fog/light/4520_2370A561_385_torchvision.jpg,0.09335968707038193
fog/light/7815_2074A826_727_torchvision.jpg,0.03863825580605163
fog/light/7815_2172E981_779_torchvision.jpg,0.07588400834888885
fog/light/4520_2372R652_405_torchvision.jpg,0.07149581891341397
fog/light/4520_2466Q202_451_torchvision.jpg,0.030802641581037887
fog/light/4520_2576W851_506_torchvision.jpg,0.06041753160423621
fog/light/4520_26712963_529_torchvision.jpg,0.04015784288072962
fog/light/7815_2174W552_808_torchvision.jpg,0.08167273817638185
fog/light/7815_2273C951_843_torchvision.jpg,0.04809799419750746
fog/light/7815_2074H233_745_torchvision.jpg,0.025413713722231526
fog/light/7815_1474C901_603_torchvision.jpg,0.04808688320747578
fog/light/1970Y932_20200429_OH01_DG06_2_6_torchvision.jpg,0.014171997062930779
fog/light/7815_2172S282_781_torchvision.jpg,0.023571521571604585
fog/light/1775D301_20200403_OH01_DG06_2_20_torchvision.jpg,0.04828656361230953
fog/light/4520_2371C902_391_torchvision.jpg,0.0252753483890681
fog/light/7815_2175R641_821_torchvision.jpg,0.02306358430698319
fog/light/7815_1573P711_609_torchvision.jpg,0.046320124087424266
fog/light/7815_1675W871_633_torchvision.jpg,0.0814169346807245
fog/light/2173X932_20200508_OH01_DG06_2_22_torchvision.jpg,0.05616607595197644
fog/light/4520_2269E181_257_torchvision.jpg,0.03806301236830682
fog/light/7815_1675D851_632_torchvision.jpg,0.039855059205740985
fog/light/7815_2174S562_805_torchvision.jpg,0.12528920531749727
fog/light/4520_2373R063_417_torchvision.jpg,0.02722271706953876
fog/light/4520_2078R932_197_torchvision.jpg,0.04188196929763869
fog/light/4520_2275E122_318_torchvision.jpg,0.037351536468187965
fog/light/4520_2770A032_542_torchvision.jpg,0.05257119080922655
fog/light/7815_17724802_653_torchvision.jpg,0.03799129040680628
fog/light/7815_2175W582_828_torchvision.jpg,0.04467350859348709
fog/light/1578X721_20200409_OH01_DG06_2_13_torchvision.jpg,0.03644827102093384
fog/light/4520_2176Z412_232_torchvision.jpg,0.023527840341869513
fog/light/7815_2176P921_833_torchvision.jpg,0.038413218887734975
fog/light/7815_1970X023_687_torchvision.jpg,0.056612962861656485
fog/light/7815_1969H751_685_torchvision.jpg,0.02668516614139076
fog/light/1778D521_20200514_OH01_DG06_2_15_torchvision.jpg,0.03636434028633537
fog/light/7815_2074A921_728_torchvision.jpg,0.023777303315384257
fog/light/1974E431_20200402_OH01_DG06_2_20_torchvision.jpg,0.06987212455965604
fog/light/4520_2480H951_488_torchvision.jpg,0.025391268518356987
fog/light/4520_3177D691_588_torchvision.jpg,0.025237340923299486
fog/light/7815_2074G752_741_torchvision.jpg,0.04541088901788625
fog/light/7815_1477E861_604_torchvision.jpg,0.0436398787576208
fog/light/4520_2276D734_336_torchvision.jpg,0.05561717943898917
fog/light/4520_27713562_543_torchvision.jpg,0.03876385732277432
fog/light/1578X721_20200409_OH01_DG06_2_27_torchvision.jpg,0.04531762101934208
fog/light/2074P891_20200512_OH01_DG06_2_6_torchvision.jpg,0.05543997213889385
fog/light/4520_2366D551_365_torchvision.jpg,0.029303657637097
fog/light/4520_26711721_525_torchvision.jpg,0.04395109170972775
fog/light/2074D721_20200512_OH01_DG06_2_5_torchvision.jpg,0.049053405257281295
fog/light/4520_2468G281_456_torchvision.jpg,0.040683251069270926
fog/light/2074D022_20200512_OH01_DG06_2_9_torchvision.jpg,0.05175428059047771
fog/light/7815_1969X181_686_torchvision.jpg,0.03757310346969971
fog/light/7815_2173X932_792_torchvision.jpg,0.05331250426364032
fog/light/7815_2074E222_732_torchvision.jpg,0.05714334015137272
fog/light/1678F614_20200514_OH01_DG06_2_13_torchvision.jpg,0.03755990408700719
fog/light/4520_25693893_494_torchvision.jpg,0.04848822311131269
fog/light/4520_1680Z272_183_torchvision.jpg,0.04017068193561563
fog/light/2074P332_20200512_OH01_DG06_2_19_torchvision.jpg,0.042133674812369175
fog/light/7815_2174X231_810_torchvision.jpg,0.044944428683929026
fog/light/4520_2373R582_420_torchvision.jpg,0.02212763978414747
fog/light/4520_2372A463_399_torchvision.jpg,0.0426912242789538
fog/light/2074A921_20200512_OH01_DG06_2_25_torchvision.jpg,0.04261894282177624
fog/light/7815_1774H261_657_torchvision.jpg,0.05348210686208331
fog/light/7815_2174Z772_815_torchvision.jpg,0.07608204570491722
fog/light/1974X582_20200513_OH01_DG06_2_16_torchvision.jpg,0.009904894948925817
fog/light/4520_2370A701_386_torchvision.jpg,0.0367403652342221
fog/light/2074P351_20200512_OH01_DG06_2_5_torchvision.jpg,0.030557684360155997
fog/light/7815_1871P741_668_torchvision.jpg,0.03515788237858269
fog/light/4520_2775W151_551_torchvision.jpg,0.034183519501296486
fog/light/1679R341_20200409_OH01_DG06_2_29_torchvision.jpg,0.05176195414738745
fog/light/2073A262_20200511_OH01_DG06_2_4_torchvision.jpg,0.04467572796087674
fog/light/2074P871_20200512_OH01_DG06_2_8_torchvision.jpg,0.059479567182440275
fog/light/4520_28732531_561_torchvision.jpg,0.02919469379567737
fog/light/1776R262_20200413_OH01_DG06_2_6_torchvision.jpg,0.03497048075078336
fog/light/4520_2372R803_406_torchvision.jpg,0.044117619707723064
fog/light/4520_23672884_369_torchvision.jpg,0.02722700855605164
fog/light/4520_2372C342_401_torchvision.jpg,0.04679279502116317
fog/light/7815_1975C371_703_torchvision.jpg,0.01797869130636521
fog/light/4520_2274H741_300_torchvision.jpg,0.04133436909656944
fog/light/7815_2074R111_752_torchvision.jpg,0.06131368221593724
fog/light/7815_2173F931_787_torchvision.jpg,0.03489186987071535
fog/moderate/1676Z713_20200403_OH01_DG06_2_18_torchvision.jpg,0.07386878456108832
fog/moderate/7815_1974B083_695_torchvision.jpg,0.03814705806432674
fog/moderate/7815_1874H522_671_torchvision.jpg,0.047450580455980676
fog/moderate/4520_2274Q121_301_torchvision.jpg,0.04399164450903459
fog/moderate/1674E732_20200403_OH01_DG06_2_19_torchvision.jpg,0.05687320332673259
fog/moderate/4520_2273H323_281_torchvision.jpg,0.05539002702571716
fog/moderate/4520_2274C711_294_torchvision.jpg,0.03948066953447875
fog/moderate/4520_2381D272_445_torchvision.jpg,0.04959028743804285
fog/moderate/4520_2364W042_360_torchvision.jpg,0.031877508747309415
fog/moderate/4520_2267F091_247_torchvision.jpg,0.044750689688722235
fog/moderate/1672D721_20200401_OH01_DG06_2_7_torchvision.jpg,0.049442857687164006
fog/moderate/4520_2775B111_550_torchvision.jpg,0.04143185153504272
fog/moderate/4520_2380X651_443_torchvision.jpg,0.03905211023110098
fog/moderate/4520_2275F241_322_torchvision.jpg,0.03720161862113334
fog/moderate/2074P282_20200512_OH01_DG06_2_26_torchvision.jpg,0.0971797994325247
fog/moderate/4520_1978G931_186_torchvision.jpg,0.0240927264363627
fog/moderate/4520_1679S541_180_torchvision.jpg,0.015227779063742643
fog/moderate/4520_2369H471_384_torchvision.jpg,0.03401290843502065
fog/moderate/4520_2381X371_447_torchvision.jpg,0.030082083967638364
fog/moderate/7815_2174B363_796_torchvision.jpg,0.02231314238287268
fog/moderate/4520_2176G121_225_torchvision.jpg,0.03566199449652997
fog/moderate/7815_1675Z631_634_torchvision.jpg,0.06159601023230252
fog/moderate/1678F614_20200514_OH01_DG06_2_28_torchvision.jpg,0.034879660825447266
fog/moderate/4520_2271Q021_266_torchvision.jpg,0.0378541939654626
fog/moderate/4520_2274C521_293_torchvision.jpg,0.08356061889651387
fog/moderate/4520_2273X641_285_torchvision.jpg,0.0631359138009259
fog/moderate/4520_2181S751_241_torchvision.jpg,0.06881156967324069
fog/moderate/7815_19721234_691_torchvision.jpg,0.03263229358765271
fog/moderate/2074D721_20200512_OH01_DG06_2_19_torchvision.jpg,0.05021075643736093
fog/moderate/4520_21683381_212_torchvision.jpg,0.05410060298797381
fog/moderate/4520_2268Y481_255_torchvision.jpg,0.016448259473641938
fog/moderate/1672D721_20200401_OH01_DG06_2_24_torchvision.jpg,0.015270668521084226
fog/moderate/4520_18792271_184_torchvision.jpg,0.05447730614958854
fog/moderate/7815_1571F492_607_torchvision.jpg,0.04247828555737754
fog/moderate/4520_2373A532_413_torchvision.jpg,0.03639164170691488
fog/moderate/4520_1978Z452_192_torchvision.jpg,0.043095212747983086
fog/moderate/1778P951_20200514_OH01_DG06_2_14_torchvision.jpg,0.015062095995695472
fog/moderate/4520_2271Q031_267_torchvision.jpg,0.028424303954501493
fog/moderate/4520_2381Y391_448_torchvision.jpg,0.061580978795383566
fog/moderate/7815_2074Y911_759_torchvision.jpg,0.05356375868062482
fog/moderate/4520_2273Z953_288_torchvision.jpg,0.04986243675108994
fog/moderate/4520_2580R831_520_torchvision.jpg,0.033741028079119544
fog/moderate/7815_1976Q351_709_torchvision.jpg,0.08857753648093113
fog/moderate/1778P951_20200514_OH01_DG06_2_13_torchvision.jpg,0.025148314952793738
fog/moderate/2074D131_20200512_OH01_DG06_2_8_torchvision.jpg,0.02950071663516164
fog/moderate/7815_2075B901_760_torchvision.jpg,0.045521397760254184
fog/moderate/7815_1966F013_682_torchvision.jpg,0.03599941295861542
fog/moderate/7815_2075F643_763_torchvision.jpg,0.035764830441521206
fog/moderate/2074P871_20200512_OH01_DG06_2_14_torchvision.jpg,0.029219252517031242
fog/moderate/7815_2175R432_820_torchvision.jpg,0.06984598001394185
fog/moderate/4520_2078R041_196_torchvision.jpg,0.05497062753583313
fog/moderate/4520_1679Z341_181_torchvision.jpg,0.11165886867586648
fog/moderate/4520_2274D051_295_torchvision.jpg,0.11181124565560241
fog/moderate/7815_2173H931_790_torchvision.jpg,0.039926461237327765
fog/moderate/2075X451_20200507_OH01_DG06_2_32_torchvision.jpg,0.04553281482681918
fog/moderate/4520_2373R255_419_torchvision.jpg,0.03646136619154055
fog/moderate/4520_2271X902_269_torchvision.jpg,0.06619559767584621
fog/moderate/4520_2366P881_367_torchvision.jpg,0.040031352282824485
fog/moderate/4520_2371S342_394_torchvision.jpg,0.0331058528387188
fog/moderate/4520_2470Z851_468_torchvision.jpg,0.0500599196250305
fog/moderate/4520_2273Z691_286_torchvision.jpg,0.04397132600590123
fog/moderate/4520_2680X621_540_torchvision.jpg,0.06530209932906911
fog/moderate/2074P332_20200512_OH01_DG06_2_21_torchvision.jpg,0.04827459484543349
fog/moderate/4520_2275E033_316_torchvision.jpg,0.05223993468591505
fog/moderate/7815_2074A826_727_torchvision.jpg,0.03262791266339586
fog/moderate/1974X954_20200513_OH01_DG06_2_1_torchvision.jpg,0.031246506098763525
fog/moderate/4520_2580A271_517_torchvision.jpg,0.05245368200817121
fog/moderate/4520_26712963_529_torchvision.jpg,0.03641216616407546
fog/moderate/7815_2074F391_735_torchvision.jpg,0.03640231510822223
fog/moderate/4520_2380Q153_441_torchvision.jpg,0.05487141997831167
fog/moderate/7815_1472E721_599_torchvision.jpg,0.05718434357450641
fog/moderate/7815_1677A421_637_torchvision.jpg,0.035637088751181656
fog/moderate/7815_2172S282_781_torchvision.jpg,0.02438879494764209
fog/moderate/4520_2678B561_533_torchvision.jpg,0.05572600382903725
fog/moderate/4520_31721561_583_torchvision.jpg,0.03699071466868442
fog/moderate/7815_2174S562_806_torchvision.jpg,0.05567031297269523
fog/moderate/4520_2277B023_343_torchvision.jpg,0.03650658304431443
fog/moderate/7815_2070P274_718_torchvision.jpg,0.02953228111599104
fog/moderate/4520_2470D142_460_torchvision.jpg,0.04351137775626694
fog/moderate/7815_1573P711_609_torchvision.jpg,0.060908486424498115
fog/moderate/2075W372_20200506_OH01_DG06_2_4_torchvision.jpg,0.041817120550709505
fog/moderate/4520_2176Z561_233_torchvision.jpg,0.033131365511183855
fog/moderate/2173X932_20200508_OH01_DG06_2_22_torchvision.jpg,0.031937224433328706
fog/moderate/4520_2269E181_257_torchvision.jpg,0.0436110523338848
fog/moderate/1672D721_20200401_OH01_DG06_2_9_torchvision.jpg,0.05412106121072326
fog/moderate/4520_2373R171_418_torchvision.jpg,0.013280932906336241
fog/moderate/4520_2371P821_393_torchvision.jpg,0.046925590793048484
fog/moderate/7815_2074P702_750_torchvision.jpg,0.04996386465450544
fog/moderate/1674Z413_20200416_OH01_DG06_2_8_torchvision.jpg,0.05465086790227048
fog/moderate/2074P352_20200512_OH01_DG06_2_42_torchvision.jpg,0.0469280228189933
fog/moderate/7815_2174Y872_813_torchvision.jpg,0.036169116326853865
fog/moderate/4520_2373A412_411_torchvision.jpg,0.05628869043839209
fog/moderate/4520_2276P041_338_torchvision.jpg,0.02516722407606365
fog/moderate/4520_2272H701_271_torchvision.jpg,0.02905265371355435
fog/moderate/4520_2176Z412_232_torchvision.jpg,0.09106787426528191
fog/moderate/1673E672_20200416_OH01_DG06_2_3_torchvision.jpg,0.024474244193254672
fog/moderate/2074P352_20200512_OH01_DG06_2_17_torchvision.jpg,0.04232569248082479
fog/moderate/4592_8098E631_597_torchvision.jpg,0.060388185759614695
fog/moderate/1778S292_20200514_OH01_DG06_2_8_torchvision.jpg,0.022748114890250023
fog/moderate/4520_2465C661_450_torchvision.jpg,0.03778522774825206
fog/moderate/7815_1770Q971_647_torchvision.jpg,0.015202756970665067
fog/moderate/7815_1673F261_625_torchvision.jpg,0.027931427065915546
fog/moderate/1778D521_20200514_OH01_DG06_2_15_torchvision.jpg,0.03673593643515069
fog/moderate/7815_2174A303_795_torchvision.jpg,0.03938624048338118
fog/moderate/4520_2364Y161_361_torchvision.jpg,0.038388040083030095
fog/moderate/7815_2074A921_728_torchvision.jpg,0.038272607714877366
fog/moderate/7815_2074E341_733_torchvision.jpg,0.0540758742674819
fog/moderate/4520_2578W741_513_torchvision.jpg,0.10688817638186006
fog/moderate/7815_2173G061_789_torchvision.jpg,0.027446832926696748
fog/moderate/7815_2175Y551_832_torchvision.jpg,0.047578125460889104
fog/moderate/4520_2269G091_259_torchvision.jpg,0.10118061972527695
fog/moderate/4520_3177D691_588_torchvision.jpg,0.04495859321111865
fog/moderate/1672D721_20200401_OH01_DG06_2_8_torchvision.jpg,0.013425909598638345
fog/moderate/2074D022_20200512_OH01_DG06_2_9_torchvision.jpg,0.038661688937909826
fog/moderate/4520_1978H273_187_torchvision.jpg,0.038351874564623765
fog/moderate/7815_2175R671_823_torchvision.jpg,0.0313582623496953
fog/moderate/1673E672_20200416_OH01_DG06_2_8_torchvision.jpg,0.024482452310951978
fog/moderate/1974E431_20200402_OH01_DG06_2_17_torchvision.jpg,0.03925238734717199
fog/moderate/4520_2275E151_319_torchvision.jpg,0.03469594677283195
fog/moderate/4520_2976B021_576_torchvision.jpg,0.0337268918371423
fog/moderate/7815_1774H261_657_torchvision.jpg,0.07873482904779364
fog/moderate/4520_2479G352_482_torchvision.jpg,0.05107907948570215
fog/moderate/4520_2479W462_486_torchvision.jpg,0.03824894388389817
fog/moderate/4520_3076S741_581_torchvision.jpg,0.03324656567816382
fog/moderate/7815_1870D831_667_torchvision.jpg,0.026261261444956687
fog/moderate/4520_2370A701_386_torchvision.jpg,0.04364708850010423
fog/moderate/4520_2873G711_563_torchvision.jpg,0.0398871683365074
fog/moderate/4520_26714081_532_torchvision.jpg,0.013293505282111468
fog/moderate/2074D022_20200512_OH01_DG06_2_5_torchvision.jpg,0.06388383421438985
fog/moderate/7815_2074Y361_757_torchvision.jpg,0.07639715447441603
fog/moderate/1675S482_20200409_OH01_DG06_2_13_torchvision.jpg,0.03271246542518062
fog/moderate/4520_1978H351_188_torchvision.jpg,0.052092932373886215
fog/moderate/4520_2372A282_398_torchvision.jpg,0.05519886079321133
fog/moderate/4520_2581R981_522_torchvision.jpg,0.043445924746248483
fog/moderate/4520_2080E752_205_torchvision.jpg,0.038133031906792104
fog/moderate/7815_1770W061_649_torchvision.jpg,0.08005798975003338
fog/moderate/4520_2268W191_252_torchvision.jpg,0.07613034598627297
fog/moderate/7815_2070C552_717_torchvision.jpg,0.02889048169159781
fog/moderate/4520_2479G651_483_torchvision.jpg,0.047053498201942254
fog/moderate/1775A532_20200403_OH01_DG06_2_19_torchvision.jpg,0.020062747187725515
fog/moderate/7815_2175R732_824_torchvision.jpg,0.08368041806788608
fog/moderate/7815_2176R872_834_torchvision.jpg,0.05926041531433913
fog/high/4520_2175F051_221_torchvision.jpg,0.085429686162898
fog/high/2074D022_20200512_OH01_DG06_2_10_torchvision.jpg,0.05243814041749888
fog/high/7815_2075E421_761_torchvision.jpg,0.0896659102059897
fog/high/7815_2274S224_846_torchvision.jpg,0.04817818206794941
fog/high/4520_2370P932_389_torchvision.jpg,0.09014898419823944
fog/high/4520_2274C711_294_torchvision.jpg,0.04903547151293683
fog/high/4520_2374H462_426_torchvision.jpg,0.04101627041261121
fog/high/4520_1679H301_179_torchvision.jpg,0.026717086228423583
fog/high/4520_3173R801_585_torchvision.jpg,0.009726646831500067
fog/high/4520_2470R631_464_torchvision.jpg,0.04881604405129514
fog/high/4520_2479S411_485_torchvision.jpg,0.08056834933870155
fog/high/1974X943_20200513_OH01_DG06_2_4_torchvision.jpg,0.035457600252471445
fog/high/7815_1575E181_614_torchvision.jpg,0.046266489337820564
fog/high/1974X882_20200513_OH01_DG06_2_25_torchvision.jpg,0.10489320648727318
fog/high/1672D721_20200401_OH01_DG06_2_7_torchvision.jpg,0.016228151198979624
fog/high/7815_1866F861_664_torchvision.jpg,0.04857085263583952
fog/high/4520_1679S541_180_torchvision.jpg,0.0759388939820715
fog/high/4520_2176E201_224_torchvision.jpg,0.009337102623957629
fog/high/4520_2381X371_447_torchvision.jpg,0.03412805536613983
fog/high/1974X911_20200513_OH01_DG06_2_6_torchvision.jpg,0.023623087836884042
fog/high/7815_2174B363_796_torchvision.jpg,0.016309081911717878
fog/high/7815_2074H422_746_torchvision.jpg,0.03329125016815807
fog/high/4520_2380S391_442_torchvision.jpg,0.05413989267903455
fog/high/7815_1577H791_621_torchvision.jpg,0.08687327562836936
fog/high/2074D721_20200512_OH01_DG06_2_4_torchvision.jpg,0.034169271252930275
fog/high/4520_2273X641_285_torchvision.jpg,0.06557501958192101
fog/high/4520_2466R761_453_torchvision.jpg,0.028145686773664462
fog/high/7815_1866G461_665_torchvision.jpg,0.04888569618780806
fog/high/7815_1974X881_698_torchvision.jpg,0.041595001127040176
fog/high/4520_2480X523_490_torchvision.jpg,0.07653747294457666
fog/high/7815_1973R692_693_torchvision.jpg,0.053431896555804735
fog/high/4520_2373A194_410_torchvision.jpg,0.04090375066488048
fog/high/4520_2779C931_555_torchvision.jpg,0.07647992198302803
fog/high/1974X955_20200513_OH01_DG06_2_19_torchvision.jpg,0.04150113692373398
fog/high/1672D721_20200401_OH01_DG06_2_23_torchvision.jpg,0.052542306385019805
fog/high/4520_2570Z751_499_torchvision.jpg,0.05945634391763955
fog/high/7815_2175R782_825_torchvision.jpg,0.018318933980021358
fog/high/7815_2272E381_835_torchvision.jpg,0.03723107961912983
fog/high/1578X721_20200409_OH01_DG06_2_26_torchvision.jpg,0.09722057759247561
fog/high/7815_1773A891_655_torchvision.jpg,0.01022993098366708
fog/high/4520_1579D111_176_torchvision.jpg,0.02809810002346428
fog/high/4520_2079X191_202_torchvision.jpg,0.11365211112031628
fog/high/2074D021_20200512_OH01_DG06_2_1_torchvision.jpg,0.041244104864355896
fog/high/7815_2074W041_753_torchvision.jpg,0.0696385491799874
fog/high/4520_2479B613_478_torchvision.jpg,0.10292718678043335
fog/high/7815_2071X121_719_torchvision.jpg,0.049832411946430365
fog/high/1974Z931_20200513_OH01_DG06_2_10_torchvision.jpg,0.056762129911919826
fog/high/4520_2976R491_579_torchvision.jpg,0.03744623466700034
fog/high/1676Z713_20200403_OH01_DG06_2_21_torchvision.jpg,0.06836061474943705
fog/high/4520_2278X322_355_torchvision.jpg,0.028601005952363458
fog/high/7815_17714084_650_torchvision.jpg,0.05993915121562422
fog/high/4520_22671862_246_torchvision.jpg,0.05948125648968172
fog/high/7815_2273B242_838_torchvision.jpg,0.033430776071093994
fog/high/4520_2275W413_331_torchvision.jpg,0.07480371825945638
fog/high/7815_1974Y191_699_torchvision.jpg,0.035216181189475955
fog/high/7815_2175X524_831_torchvision.jpg,0.12285351343005639
fog/high/1970Y932_20200429_OH01_DG06_2_3_torchvision.jpg,0.03426393286281794
fog/high/4520_2176W912_230_torchvision.jpg,0.03589454152410203
fog/high/4520_2368B712_379_torchvision.jpg,0.0703047754692513
fog/high/1974X941_20200513_OH01_DG06_2_5_torchvision.jpg,0.03883498859508107
fog/high/4520_2579W092_514_torchvision.jpg,0.03408891516402357
fog/high/4520_22683991_250_torchvision.jpg,0.03465990504311478
fog/high/4520_2279P971_356_torchvision.jpg,0.05624641532153116
fog/high/7815_2073E702_724_torchvision.jpg,0.04418465012556691
fog/high/4520_2273Z691_286_torchvision.jpg,0.03385467000947515
fog/high/2074P332_20200512_OH01_DG06_2_21_torchvision.jpg,0.08681084557655984
fog/high/4520_23682211_374_torchvision.jpg,0.059711650367129554
fog/high/4520_2275E033_316_torchvision.jpg,0.0576121526594759
fog/high/7815_2174W022_807_torchvision.jpg,0.07252875980638983
fog/high/4520_2275P311_323_torchvision.jpg,0.043605769197773384
fog/high/4520_2580A271_517_torchvision.jpg,0.04716423864514922
fog/high/4520_26712963_529_torchvision.jpg,0.024435064080261058
fog/high/2174H163_20200512_OH01_DG06_2_6_torchvision.jpg,0.01758739605504416
fog/high/7815_1472E721_599_torchvision.jpg,0.03386666675406035
fog/high/7815_1474C901_603_torchvision.jpg,0.04950765426055624
fog/high/4520_33732782_591_torchvision.jpg,0.07359331223325641
fog/high/4520_2470D142_460_torchvision.jpg,0.04782818321250077
fog/high/4520_2269E181_257_torchvision.jpg,0.03160686117769683
fog/high/4520_2373R171_418_torchvision.jpg,0.041355149458187725
fog/high/7815_2174S562_805_torchvision.jpg,0.08057908135756968
fog/high/4520_2371P821_393_torchvision.jpg,0.056548641247415
fog/high/4520_2577A732_508_torchvision.jpg,0.05905715203990432
fog/high/4520_2473P861_471_torchvision.jpg,0.0764389074579235
fog/high/4520_2580C561_518_torchvision.jpg,0.0597280992306936
fog/high/4520_2271Z911_270_torchvision.jpg,0.02687834618795318
fog/high/4520_2469Q371_458_torchvision.jpg,0.08972999695414928
fog/high/4520_2976P562_577_torchvision.jpg,0.044745317033128666
fog/high/4520_2478X071_476_torchvision.jpg,0.08437541231833694
fog/high/4520_2377G914_435_torchvision.jpg,0.056214512577739066
fog/high/1578X721_20200409_OH01_DG06_2_13_torchvision.jpg,0.06576057778413799
fog/high/7815_1970X023_687_torchvision.jpg,0.06547274355719511
fog/high/4520_2276C961_334_torchvision.jpg,0.06213430300057667
fog/high/4520_26711933_527_torchvision.jpg,0.03613491639585911
fog/high/4520_2465C661_450_torchvision.jpg,0.06357233224352928
fog/high/4520_2478E202_475_torchvision.jpg,0.08610891104250598
fog/high/4520_2266B001_245_torchvision.jpg,0.04890652755107144
fog/high/1778D521_20200514_OH01_DG06_2_15_torchvision.jpg,0.05077151809230665
fog/high/4592_7998A981_594_torchvision.jpg,0.03602752694883502
fog/high/7815_2175Y551_832_torchvision.jpg,0.05712100475467546
fog/high/7815_1874H221_670_torchvision.jpg,0.03865283475618684
fog/high/7815_2068C701_714_torchvision.jpg,0.07065580299798833
fog/high/4520_2182Z551_244_torchvision.jpg,0.0741294152590641
fog/high/4520_2467D081_454_torchvision.jpg,0.05796088493195318
fog/high/7815_1479Y162_606_torchvision.jpg,0.03853691954242464
fog/high/4520_30731611_580_torchvision.jpg,0.06583630408572351
fog/high/4520_2366D551_365_torchvision.jpg,0.043173136311834164
fog/high/4520_2275P831_324_torchvision.jpg,0.07697267287946798
fog/high/4592_7998E272_595_torchvision.jpg,0.05693744047911957
fog/high/4520_1680Z272_183_torchvision.jpg,0.03565426503473686
fog/high/2074D721_20200512_OH01_DG06_2_18_torchvision.jpg,0.04700592635802992
fog/high/7815_1674G721_630_torchvision.jpg,0.06827784234084462
fog/high/4520_2271D423_263_torchvision.jpg,0.04736844472543659
fog/high/4520_2466Q872_452_torchvision.jpg,0.07077243835508235
fog/high/1578X721_20200409_OH01_DG06_2_16_torchvision.jpg,0.05655699472477767
fog/high/1974Z931_20200513_OH01_DG06_2_11_torchvision.jpg,0.03902638472393831
fog/high/7815_2075Z821_774_torchvision.jpg,0.03694989280662276
fog/high/4520_2175E771_220_torchvision.jpg,0.06899786468304946
fog/high/1974X582_20200513_OH01_DG06_2_16_torchvision.jpg,0.02235031729363377
fog/high/4520_2771R621_544_torchvision.jpg,0.03886014932551555
fog/high/4520_2575Y082_505_torchvision.jpg,0.030789288429798202
fog/high/4520_26714081_532_torchvision.jpg,0.02558584972728158
fog/high/2074D022_20200512_OH01_DG06_2_5_torchvision.jpg,0.04673039158943377
fog/high/7815_1871P741_668_torchvision.jpg,0.04712382528173018
fog/high/1679R341_20200409_OH01_DG06_2_29_torchvision.jpg,0.05681901149023686
fog/high/1578X721_20200409_OH01_DG06_2_25_torchvision.jpg,0.02548161453920356
fog/high/2074P713_20200513_OH01_DG06_2_5_torchvision.jpg,0.03775425304288773
fog/high/4520_2273H311_279_torchvision.jpg,0.03625669445162069
fog/high/7815_2075S791_766_torchvision.jpg,0.04711605000911692
fog/high/4520_2080E752_205_torchvision.jpg,0.05302124287611727
fog/high/4520_2275A736_309_torchvision.jpg,0.08610585675919875
fog/high/7815_2175S351_826_torchvision.jpg,0.030082993087319508
fog/high/4520_2274B693_290_torchvision.jpg,0.07154744461318667
fog/high/4520_2273E292_274_torchvision.jpg,0.06807551767128282
fog/high/7815_1975C371_703_torchvision.jpg,0.02769464894634987
fog/high/4520_2273E613_276_torchvision.jpg,0.05070851498964109
fog/high/2074D022_20200512_OH01_DG06_2_4_torchvision.jpg,0.07299630194018615
fog/high/7815_2173F931_787_torchvision.jpg,0.05568826401400228
fog/high/7815_2173X852_791_torchvision.jpg,0.07811204198990573
snow/light/7815_1875D311_676_torchvision.jpg,0.010749074055575496
snow/light/7815_1874H522_671_torchvision.jpg,0.03237388446397825
snow/light/4520_2274Q121_301_torchvision.jpg,0.02736115995993986
snow/light/7815_2274S224_846_torchvision.jpg,0.005264885171996499
snow/light/4520_2171Y184_218_torchvision.jpg,0.014515145612101253
snow/light/2074P871_20200512_OH01_DG06_2_16_torchvision.jpg,0.0044649322833320015
snow/light/4520_1679H301_179_torchvision.jpg,0.03726999673254121
snow/light/7815_2273A963_836_torchvision.jpg,0.014769143310433339
snow/light/7815_2175B461_816_torchvision.jpg,0.02301763378368857
snow/light/4520_2479S411_485_torchvision.jpg,0.02525469987085509
snow/light/1775D301_20200403_OH01_DG06_2_15_torchvision.jpg,0.03376348759007246
snow/light/1974X943_20200513_OH01_DG06_2_4_torchvision.jpg,0.024486714548632566
snow/light/2075X451_20200507_OH01_DG06_2_31_torchvision.jpg,0.03873016277701734
snow/light/7815_1677R182_639_torchvision.jpg,0.01135217396123324
snow/light/4520_2366W642_368_torchvision.jpg,0.01165176851114971
snow/light/7815_1575E181_614_torchvision.jpg,0.007383597554805394
snow/light/4520_2275F241_322_torchvision.jpg,0.04204254131719793
snow/light/4520_2479C991_479_torchvision.jpg,0.005684189012842636
snow/light/4520_2374W756_429_torchvision.jpg,0.021964875654637797
snow/light/1672B291_20200401_OH01_DG06_2_18_torchvision.jpg,0.020855262717974252
snow/light/7815_1774E441_656_torchvision.jpg,0.018457401976346818
snow/light/4520_2369H471_384_torchvision.jpg,0.02307504034864311
snow/light/4520_2176G121_225_torchvision.jpg,0.023558121750730635
snow/light/4520_2171S981_217_torchvision.jpg,0.01571493869373091
snow/light/7815_2273R381_845_torchvision.jpg,0.028930103618339878
snow/light/7815_1675Z631_634_torchvision.jpg,0.011104989690111356
snow/light/7815_1673S341_628_torchvision.jpg,0.03715332009231379
snow/light/7815_1577H791_621_torchvision.jpg,0.018374602030455264
snow/light/4520_2273H414_282_torchvision.jpg,0.01607389220179554
snow/light/4520_2271Q021_266_torchvision.jpg,0.023948428976340603
snow/light/4520_2181S751_241_torchvision.jpg,0.030296686287853588
snow/light/7815_1770G201_643_torchvision.jpg,0.04102297305679297
snow/light/4520_21683381_212_torchvision.jpg,0.0395912238205026
snow/light/4520_26713497_531_torchvision.jpg,0.01689377985729844
snow/light/7815_1866G461_665_torchvision.jpg,0.035217740544248886
snow/light/1679R341_20200409_OH01_DG06_2_11_torchvision.jpg,0.03246132151023839
snow/light/4520_2372P381_404_torchvision.jpg,0.056186898192177384
snow/light/4520_2371D341_392_torchvision.jpg,0.023860553023065504
snow/light/4520_2480X551_491_torchvision.jpg,0.04339304527584099
snow/light/1672D721_20200401_OH01_DG06_2_24_torchvision.jpg,0.019684599788985346
snow/light/7815_2175S483_827_torchvision.jpg,0.045080746601872036
snow/light/4520_21771203_234_torchvision.jpg,0.011412719060642356
snow/light/1974H803_20200513_OH01_DG06_2_1_torchvision.jpg,0.015685319950446995
snow/light/7815_1573R351_611_torchvision.jpg,0.0054529348571687305
snow/light/4520_2779C931_555_torchvision.jpg,0.04725665997468513
snow/light/1674Z812_20200416_OH01_DG06_2_25_torchvision.jpg,0.00768284040658758
snow/light/4520_1978Z452_192_torchvision.jpg,0.009174946373068356
snow/light/7815_2075X332_768_torchvision.jpg,0.039888778764245694
snow/light/7815_2175R782_825_torchvision.jpg,0.005816843620062737
snow/light/4520_28721031_559_torchvision.jpg,0.0383070528183215
snow/light/7815_1773A891_655_torchvision.jpg,0.0167493716988198
snow/light/4520_2271W933_268_torchvision.jpg,0.025453053278856982
snow/light/4520_2678B742_534_torchvision.jpg,0.0077575364715372795
snow/light/4520_2381C753_444_torchvision.jpg,0.01160153900822332
snow/light/7815_1966F013_682_torchvision.jpg,0.03817192004950965
snow/light/4520_2175F902_223_torchvision.jpg,0.039438193605090516
snow/light/7815_2075F643_763_torchvision.jpg,0.006980269449338658
snow/light/4520_2877B231_565_torchvision.jpg,0.023088017288511665
snow/light/4520_2078R041_196_torchvision.jpg,0.05104289091407926
snow/light/7815_2175W952_829_torchvision.jpg,0.030708663404152556
snow/light/4520_2274D051_295_torchvision.jpg,0.03410508773222867
snow/light/7815_1974Z462_701_torchvision.jpg,0.027149684801792143
snow/light/7815_1775D511_658_torchvision.jpg,0.03742152453653488
snow/light/4520_2278X322_355_torchvision.jpg,0.013368850408964189
snow/light/7815_17714084_650_torchvision.jpg,0.03860602757249736
snow/light/4520_2274E063_296_torchvision.jpg,0.02657122135727997
snow/light/1974X955_20200513_OH01_DG06_2_13_torchvision.jpg,0.007856575199729968
snow/light/2073A262_20200511_OH01_DG06_2_5_torchvision.jpg,0.04758319548246094
snow/light/7815_2273B242_838_torchvision.jpg,0.022822031367298143
snow/light/7815_2175R643_822_torchvision.jpg,0.005107230961461157
snow/light/7815_2175X524_831_torchvision.jpg,0.027266798784925335
snow/light/7815_2074C082_730_torchvision.jpg,0.028703745078669483
snow/light/7815_1575Y463_616_torchvision.jpg,0.026845582491871824
snow/light/1974X955_20200513_OH01_DG06_2_18_torchvision.jpg,0.017309192055906752
snow/light/7815_1477F671_605_torchvision.jpg,0.040799547254545473
snow/light/4520_2680X621_540_torchvision.jpg,0.03090661599451662
snow/light/4520_2272X161_272_torchvision.jpg,0.023333127372564787
snow/light/1974X882_20200513_OH01_DG06_2_20_torchvision.jpg,0.01654582052112491
snow/light/2074P352_20200512_OH01_DG06_2_5_torchvision.jpg,0.026277330704672388
snow/light/7815_1974Y687_700_torchvision.jpg,0.03864895345064932
snow/light/4520_2470R781_465_torchvision.jpg,0.022578670956698615
snow/light/4520_2176Q791_226_torchvision.jpg,0.02186700224588461
snow/light/7815_2172E981_779_torchvision.jpg,0.08141954191817417
snow/light/4520_2275P311_323_torchvision.jpg,0.005477446876536836
snow/light/4520_2372C181_400_torchvision.jpg,0.025209369906762834
snow/light/1674Z011_20200416_OH01_DG06_2_13_torchvision.jpg,0.012533960599375983
snow/light/4520_2270H831_261_torchvision.jpg,0.006373068478553292
snow/light/4520_2277Z471_352_torchvision.jpg,0.006135362809565086
snow/light/7815_2074H233_745_torchvision.jpg,0.02829554091048286
snow/light/7815_1871X581_669_torchvision.jpg,0.03719774867327438
snow/light/1674Z812_20200416_OH01_DG06_2_21_torchvision.jpg,0.061430209362752085
snow/light/4520_2580R821_519_torchvision.jpg,0.026595210573890013
snow/light/1775D821_20200403_OH01_DG06_2_12_torchvision.jpg,0.013662243616504807
snow/light/1679R341_20200409_OH01_DG06_2_12_torchvision.jpg,0.049816928189679345
snow/light/4520_23681065_372_torchvision.jpg,0.017126829629339438
snow/light/7815_1675W871_633_torchvision.jpg,0.03630069461324346
snow/light/7815_2174S562_805_torchvision.jpg,0.024315823750771168
snow/light/4520_2473P861_471_torchvision.jpg,0.03297774315107545
snow/light/4520_2080X442_207_torchvision.jpg,0.01055433007863594
snow/light/4520_2275E122_318_torchvision.jpg,0.04302597851977612
snow/light/1974X181_20200513_OH01_DG06_2_1_torchvision.jpg,0.046138140825494896
snow/light/7815_17724802_653_torchvision.jpg,0.0052254922707594955
snow/light/4520_2271Z911_270_torchvision.jpg,0.02934892815017316
snow/light/4520_2679X672_537_torchvision.jpg,0.021773513157641658
snow/light/4520_2373A412_411_torchvision.jpg,0.014377490276400628
snow/light/4520_2176Z412_232_torchvision.jpg,0.04969858954090178
snow/light/4520_2372A131_397_torchvision.jpg,0.024755809308000053
snow/light/7815_1970X023_687_torchvision.jpg,0.017042326507850394
snow/light/4520_2465C661_450_torchvision.jpg,0.041929679356489793
snow/light/7815_1673F261_625_torchvision.jpg,0.018800920777711824
snow/light/4520_2478E202_475_torchvision.jpg,0.038526204178511714
snow/light/7815_1678P861_642_torchvision.jpg,0.05098375896658194
snow/light/7815_1473Z411_602_torchvision.jpg,0.040003640835518446
snow/light/4520_2275E097_317_torchvision.jpg,0.014636233123896763
snow/light/7815_2074A921_728_torchvision.jpg,0.00915020715857705
snow/light/4520_2274H202_299_torchvision.jpg,0.02728005561679244
snow/light/1778D551_20200514_OH01_DG06_2_5_torchvision.jpg,0.033722524878437764
snow/light/7815_2068C701_714_torchvision.jpg,0.026565052866454116
snow/light/4520_2276E571_337_torchvision.jpg,0.030326051707349474
snow/light/1775E951_20200403_OH01_DG06_2_19_torchvision.jpg,0.008946644573831798
snow/light/4520_2275S251_330_torchvision.jpg,0.00859676476612262
snow/light/4520_2275P831_324_torchvision.jpg,0.0049055352805258525
snow/light/4520_2176Q791_227_torchvision.jpg,0.03625605248347518
snow/light/2074D022_20200512_OH01_DG06_2_9_torchvision.jpg,0.008169729671317561
snow/light/7815_1574Y493_613_torchvision.jpg,0.004488003963267759
snow/light/7815_1671R751_623_torchvision.jpg,0.040713801589741264
snow/light/7815_2175R671_823_torchvision.jpg,0.014287532436395823
snow/light/7815_1874H961_673_torchvision.jpg,0.053990438576247225
snow/light/2074D093_20200512_OH01_DG06_2_13_torchvision.jpg,0.037443807000116514
snow/light/7815_1774H261_657_torchvision.jpg,0.04268059205628865
snow/light/7815_2075Z821_774_torchvision.jpg,0.027535923569548402
snow/light/4520_2175E771_220_torchvision.jpg,0.032307194055729495
snow/light/4520_21683593_213_torchvision.jpg,0.009736582624861583
snow/light/4520_1977E851_185_torchvision.jpg,0.039786475001755923
snow/light/4520_2973E171_568_torchvision.jpg,0.014063537891687667
snow/light/4520_26714081_532_torchvision.jpg,0.012636641000101034
snow/light/2074D022_20200512_OH01_DG06_2_5_torchvision.jpg,0.01885963259076149
snow/light/4520_2479D951_481_torchvision.jpg,0.024943942969357966
snow/light/7815_1772C391_654_torchvision.jpg,0.008705952117142918
snow/light/4520_23672984_370_torchvision.jpg,0.03712194279977307
snow/light/7815_2074G763_742_torchvision.jpg,0.018242620557562705
snow/light/7815_2074E941_734_torchvision.jpg,0.040109690658077644
snow/light/7815_2175S351_826_torchvision.jpg,0.004658161740031367
snow/light/4520_2078Y741_198_torchvision.jpg,0.046792465972878915
snow/light/7815_1775F161_659_torchvision.jpg,0.028960427928669815
snow/light/4520_2168Q751_215_torchvision.jpg,0.006334142120408544
snow/light/1775A532_20200403_OH01_DG06_2_19_torchvision.jpg,0.011508237988248021
snow/light/7815_1975C371_703_torchvision.jpg,0.018629190266685417
snow/light/4520_2369G561_383_torchvision.jpg,0.004753309747988071
snow/light/4520_2974F161_569_torchvision.jpg,0.02286153990582997
snow/moderate/4520_1978R512_190_torchvision.jpg,0.04509130222516773
snow/moderate/4520_2573A082_503_torchvision.jpg,0.018941534891199936
snow/moderate/2074D022_20200512_OH01_DG06_2_10_torchvision.jpg,0.026611213400553144
snow/moderate/7815_1874H522_671_torchvision.jpg,0.031046925271040544
snow/moderate/7815_2075E421_761_torchvision.jpg,0.029951386017055937
snow/moderate/4520_2366P871_366_torchvision.jpg,0.02432631333734857
snow/moderate/7815_2064W461_711_torchvision.jpg,0.03124647122746151
snow/moderate/1974X955_20200513_OH01_DG06_2_11_torchvision.jpg,0.03870020269778313
snow/moderate/7815_1471A932_598_torchvision.jpg,0.02222448665899911
snow/moderate/4520_2369B501_382_torchvision.jpg,0.038012291714482824
snow/moderate/7815_2074G372_739_torchvision.jpg,0.03291050145120998
snow/moderate/4520_23684192_377_torchvision.jpg,0.024820988523136935
snow/moderate/4520_2974S752_574_torchvision.jpg,0.030535525049862986
snow/moderate/4520_2275P931_325_torchvision.jpg,0.021585508755746066
snow/moderate/7815_1577D522_618_torchvision.jpg,0.025282686685391118
snow/moderate/2075X451_20200507_OH01_DG06_2_31_torchvision.jpg,0.03299438870089436
snow/moderate/4520_2374Y621_430_torchvision.jpg,0.03198109954372881
snow/moderate/4520_23694133_381_torchvision.jpg,0.03274933078463826
snow/moderate/7815_1673S521_629_torchvision.jpg,0.018935088507446386
snow/moderate/4520_2775B111_550_torchvision.jpg,0.010972785672459675
snow/moderate/4520_2275Q943_328_torchvision.jpg,0.008650866132033511
snow/moderate/4520_2479C991_479_torchvision.jpg,0.017499731751770973
snow/moderate/7815_1866F861_664_torchvision.jpg,0.03901936340048948
snow/moderate/4520_33734672_593_torchvision.jpg,0.016345015103993894
snow/moderate/7815_1776R262_663_torchvision.jpg,0.02533578776520483
snow/moderate/4592_7998E461_596_torchvision.jpg,0.022376407460873753
snow/moderate/7815_1774E441_656_torchvision.jpg,0.020822300771878195
snow/moderate/4520_2974R652_573_torchvision.jpg,0.05228106063185319
snow/moderate/4520_2381X371_447_torchvision.jpg,0.03737628807199969
snow/moderate/7815_1975S326_705_torchvision.jpg,0.03221551732485195
snow/moderate/4520_2275F142_321_torchvision.jpg,0.02645907897574246
snow/moderate/7815_2074H422_746_torchvision.jpg,0.018627658887752235
snow/moderate/7815_1577H791_621_torchvision.jpg,0.02105769997065773
snow/moderate/4520_2373A161_409_torchvision.jpg,0.02817686273468375
snow/moderate/4520_2271Q021_266_torchvision.jpg,0.02506917547984518
snow/moderate/4520_2274G192_297_torchvision.jpg,0.023518572031322224
snow/moderate/1778P951_20200514_OH01_DG06_2_27_torchvision.jpg,0.04490306587135899
snow/moderate/7815_1770G201_643_torchvision.jpg,0.023256679446585785
snow/moderate/7815_2074F655_736_torchvision.jpg,0.029379159496431113
snow/moderate/1678F614_20200514_OH01_DG06_2_27_torchvision.jpg,0.011668789188361995
snow/moderate/7815_2074Y094_754_torchvision.jpg,0.05659129679427842
snow/moderate/7815_1974X881_698_torchvision.jpg,0.017538777763396404
snow/moderate/4520_2480X551_491_torchvision.jpg,0.012239941021047862
snow/moderate/4520_2373A683_414_torchvision.jpg,0.008128578152952128
snow/moderate/7815_2175S483_827_torchvision.jpg,0.02319728524651578
snow/moderate/2074P352_20200512_OH01_DG06_2_20_torchvision.jpg,0.02533429285281724
snow/moderate/2074P871_20200512_OH01_DG06_2_11_torchvision.jpg,0.02134402142316883
snow/moderate/7815_1973R692_693_torchvision.jpg,0.024668363385931848
snow/moderate/4520_2169S642_216_torchvision.jpg,0.020307797436131494
snow/moderate/4520_2275D513_315_torchvision.jpg,0.05024228045647964
snow/moderate/4520_2468R441_457_torchvision.jpg,0.03551915514495625
snow/moderate/4520_2569P022_495_torchvision.jpg,0.009917354202228055
snow/moderate/4520_2381Y391_448_torchvision.jpg,0.039235266460539354
snow/moderate/7815_1972H971_692_torchvision.jpg,0.04090206129003034
snow/moderate/7815_1770Q971_648_torchvision.jpg,0.024180811123689867
snow/moderate/1778P951_20200514_OH01_DG06_2_13_torchvision.jpg,0.025445121418499896
snow/moderate/4520_2469X731_459_torchvision.jpg,0.03769188171557174
snow/moderate/4520_2678B742_534_torchvision.jpg,0.03456309077280227
snow/moderate/1673E672_20200416_OH01_DG06_2_4_torchvision.jpg,0.010801382502676904
snow/moderate/2074P352_20200512_OH01_DG06_2_40_torchvision.jpg,0.018676102283209633
snow/moderate/7815_2075B901_760_torchvision.jpg,0.02450157843862267
snow/moderate/2074P871_20200512_OH01_DG06_2_15_torchvision.jpg,0.03980710654654218
snow/moderate/4520_2374H642_427_torchvision.jpg,0.039012703116062676
snow/moderate/4520_22702162_260_torchvision.jpg,0.015586232785376828
snow/moderate/4520_21681512_211_torchvision.jpg,0.032773673573258486
snow/moderate/1974Z931_20200513_OH01_DG06_2_10_torchvision.jpg,0.03441850042286953
snow/moderate/1673E672_20200416_OH01_DG06_2_10_torchvision.jpg,0.020526344047004853
snow/moderate/4520_2278X322_355_torchvision.jpg,0.01976154368156096
snow/moderate/4520_2274E063_296_torchvision.jpg,0.045781271452992156
snow/moderate/1974X955_20200513_OH01_DG06_2_13_torchvision.jpg,0.023422357449885352
snow/moderate/7815_2073Y691_726_torchvision.jpg,0.023281217565787174
snow/moderate/1970Y932_20200429_OH01_DG06_2_3_torchvision.jpg,0.00880709276072813
snow/moderate/4520_2368P321_380_torchvision.jpg,0.02929666784310186
snow/moderate/4520_2680X621_540_torchvision.jpg,0.03442761302104713
snow/moderate/7815_1975Z891_706_torchvision.jpg,0.02141917841697036
snow/moderate/2074P871_20200512_OH01_DG06_2_12_torchvision.jpg,0.01000028540091123
snow/moderate/7815_1965E501_680_torchvision.jpg,0.021556340309847235
snow/moderate/4520_2378E921_438_torchvision.jpg,0.025230325139698504
snow/moderate/7815_1974Y687_700_torchvision.jpg,0.017607834083509615
snow/moderate/4520_2176Q791_226_torchvision.jpg,0.012279631293827913
snow/moderate/7815_2171C641_777_torchvision.jpg,0.021418138150819364
snow/moderate/4520_2182Z271_243_torchvision.jpg,0.01701252179796035
snow/moderate/4520_2580A271_517_torchvision.jpg,0.02184610191698674
snow/moderate/7815_2170Q212_776_torchvision.jpg,0.03158638820674152
snow/moderate/4520_2277Z471_352_torchvision.jpg,0.02183092125677681
snow/moderate/1970Y932_20200429_OH01_DG06_2_6_torchvision.jpg,0.014978873470436218
snow/moderate/4520_31721561_583_torchvision.jpg,0.021567361623781218
snow/moderate/4520_23681065_372_torchvision.jpg,0.03537556669491084
snow/moderate/7815_1973W411_694_torchvision.jpg,0.043841200839843004
snow/moderate/7815_2070P274_718_torchvision.jpg,0.029158080054778608
snow/moderate/4520_2373R171_418_torchvision.jpg,0.010638280909376007
snow/moderate/7815_1675D851_632_torchvision.jpg,0.02550573001736272
snow/moderate/4520_2371P821_393_torchvision.jpg,0.025027978555046657
snow/moderate/4520_2274Q961_305_torchvision.jpg,0.04610609119468374
snow/moderate/2074P352_20200512_OH01_DG06_2_42_torchvision.jpg,0.015488597789493085
snow/moderate/4520_2469Q371_458_torchvision.jpg,0.02529973382688446
snow/moderate/2074P352_20200512_OH01_DG06_2_41_torchvision.jpg,0.011302272800023034
snow/moderate/4520_3178S232_589_torchvision.jpg,0.017049005387671307
snow/moderate/7815_2174C644_800_torchvision.jpg,0.040615811076131256
snow/moderate/4520_2270S501_262_torchvision.jpg,0.025927907626625828
snow/moderate/4520_2372A131_397_torchvision.jpg,0.021269254100377877
snow/moderate/4520_2275D502_314_torchvision.jpg,0.030924338974983916
snow/moderate/4520_2276C961_334_torchvision.jpg,0.02459417838332837
snow/moderate/4592_8098E631_597_torchvision.jpg,0.03630940489933028
snow/moderate/1974X911_20200513_OH01_DG06_2_16_torchvision.jpg,0.044991458951984566
snow/moderate/4520_2266B001_245_torchvision.jpg,0.014080793470200826
snow/moderate/1778D521_20200514_OH01_DG06_2_15_torchvision.jpg,0.015700240209433555
snow/moderate/4592_7998A981_594_torchvision.jpg,0.029605095229232586
snow/moderate/1674Z011_20200416_OH01_DG06_2_14_torchvision.jpg,0.06180107963286933
snow/moderate/1778D551_20200514_OH01_DG06_2_5_torchvision.jpg,0.013924097062229811
snow/moderate/7815_2175Y551_832_torchvision.jpg,0.005282664258607817
snow/moderate/7815_1677D201_638_torchvision.jpg,0.0439344245953468
snow/moderate/4520_2176X122_231_torchvision.jpg,0.00965741578505559
snow/moderate/7815_2068C701_714_torchvision.jpg,0.026590646033577418
snow/moderate/4520_2276D734_336_torchvision.jpg,0.06180448886293242
snow/moderate/4520_2276E571_337_torchvision.jpg,0.03085261871986301
snow/moderate/2074P713_20200513_OH01_DG06_2_31_torchvision.jpg,0.02579947482818905
snow/moderate/4520_27713562_543_torchvision.jpg,0.021371309394634365
snow/moderate/4520_30731611_580_torchvision.jpg,0.03945047287804039
snow/moderate/4520_2366D551_365_torchvision.jpg,0.032790873905360556
snow/moderate/4520_2774Z961_549_torchvision.jpg,0.03415723570254843
snow/moderate/7815_1575F041_615_torchvision.jpg,0.008020349280507648
snow/moderate/4592_7998E272_595_torchvision.jpg,0.022475681218293356
snow/moderate/7815_1574Y493_613_torchvision.jpg,0.0041748846842125905
snow/moderate/7815_2074E222_732_torchvision.jpg,0.030134739129537173
snow/moderate/1678F614_20200514_OH01_DG06_2_13_torchvision.jpg,0.034224036122959135
snow/moderate/7815_1964E442_679_torchvision.jpg,0.04087566628482733
snow/moderate/4520_2370B282_387_torchvision.jpg,0.014189898702304101
snow/moderate/4520_2373R582_420_torchvision.jpg,0.02689647958418211
snow/moderate/1674Z011_20200416_OH01_DG06_2_17_torchvision.jpg,0.04346482043480125
snow/moderate/7815_1774H261_657_torchvision.jpg,0.06939147748738925
snow/moderate/7815_2174Z772_815_torchvision.jpg,0.022245384172954356
snow/moderate/4520_21683593_213_torchvision.jpg,0.017607742451547694
snow/moderate/7815_1875D041_675_torchvision.jpg,0.011352638367105324
snow/moderate/7815_2074Y361_757_torchvision.jpg,0.02027773575088975
snow/moderate/1675S482_20200409_OH01_DG06_2_13_torchvision.jpg,0.016344911600224558
snow/moderate/4520_2479D951_481_torchvision.jpg,0.0379099539204415
snow/moderate/7815_1772C391_654_torchvision.jpg,0.01663892379847887
snow/moderate/2074P713_20200513_OH01_DG06_2_5_torchvision.jpg,0.032192588619809795
snow/moderate/4520_27724442_546_torchvision.jpg,0.013645177717812384
snow/moderate/4520_2277A111_342_torchvision.jpg,0.021120412486174356
snow/moderate/7815_2074E941_734_torchvision.jpg,0.03830770885480323
snow/moderate/4520_2068X471_193_torchvision.jpg,0.015488468314245751
snow/moderate/4520_2275A736_309_torchvision.jpg,0.04603642365155188
snow/moderate/4520_2274B861_291_torchvision.jpg,0.05462532836503458
snow/moderate/2074D022_20200512_OH01_DG06_2_3_torchvision.jpg,0.02795374957018666
snow/moderate/4520_2273E292_274_torchvision.jpg,0.005315947363531889
snow/moderate/4520_2079R992_200_torchvision.jpg,0.03413046371180759
snow/moderate/4520_2369G561_383_torchvision.jpg,0.007387299795319805
snow/moderate/4520_2377P793_436_torchvision.jpg,0.017091483116952712
snow/moderate/4520_2273E613_276_torchvision.jpg,0.030088775776011996
snow/moderate/2075X451_20200507_OH01_DG06_2_17_torchvision.jpg,0.051168190582447357
snow/high/4520_2573A082_503_torchvision.jpg,0.05274871717091565
snow/high/7815_2074P693_749_torchvision.jpg,0.042186822441731976
snow/high/2074D022_20200512_OH01_DG06_2_10_torchvision.jpg,0.03298649966907627
snow/high/4520_23682396_375_torchvision.jpg,0.007355372657856302
snow/high/7815_1875D311_676_torchvision.jpg,0.021910951372652067
snow/high/7815_1874H522_671_torchvision.jpg,0.005939996481852897
snow/high/4520_2180D691_240_torchvision.jpg,0.029604310540783236
snow/high/4520_2277Z161_348_torchvision.jpg,0.029104280711538498
snow/high/4520_2366P871_366_torchvision.jpg,0.005006002034445468
snow/high/4520_1679H301_179_torchvision.jpg,0.027260413910012764
snow/high/4520_2974S752_574_torchvision.jpg,0.0318357999926284
snow/high/7815_1676C032_635_torchvision.jpg,0.005664527723558866
snow/high/7815_2175B461_816_torchvision.jpg,0.013904128584139289
snow/high/4520_2681Y451_541_torchvision.jpg,0.01339549938868258
snow/high/4520_2368A871_378_torchvision.jpg,0.033343396217280157
snow/high/7815_1776R262_662_torchvision.jpg,0.02160102556362304
snow/high/7815_2175G052_817_torchvision.jpg,0.02625464162406028
snow/high/4520_2275Q151_326_torchvision.jpg,0.028855223625266373
snow/high/7815_1776R262_663_torchvision.jpg,0.028806788736337418
snow/high/4520_2176W421_228_torchvision.jpg,0.048753861137025276
snow/high/4520_26713082_530_torchvision.jpg,0.012786401140462157
snow/high/7815_2273D281_844_torchvision.jpg,0.007786098359304372
snow/high/7815_1975S326_705_torchvision.jpg,0.0227917307584095
snow/high/7815_1975Z891_707_torchvision.jpg,0.036950285456987295
snow/high/4520_2380S391_442_torchvision.jpg,0.04222823954173152
snow/high/7815_18692902_666_torchvision.jpg,0.035289972479502094
snow/high/4520_2273H414_282_torchvision.jpg,0.015272923624478716
snow/high/4520_2273X641_285_torchvision.jpg,0.02926108413191797
snow/high/7815_1676E351_636_torchvision.jpg,0.03264263163745593
snow/high/7815_1770G201_643_torchvision.jpg,0.03216084808700175
snow/high/2074P352_20200512_OH01_DG06_2_8_torchvision.jpg,0.0046795579545002575
snow/high/7815_2065C261_712_torchvision.jpg,0.015179263254587315
snow/high/4520_18792271_184_torchvision.jpg,0.02082394663199315
snow/high/4520_2480X523_490_torchvision.jpg,0.021693313141282103
snow/high/4520_2169S642_216_torchvision.jpg,0.020718474051552013
snow/high/7815_1677S221_640_torchvision.jpg,0.03998836652340358
snow/high/7815_1571F492_607_torchvision.jpg,0.020537255006043902
snow/high/2074D093_20200512_OH01_DG06_2_3_torchvision.jpg,0.017347856567378583
snow/high/7815_2175R782_825_torchvision.jpg,0.006448696981285534
snow/high/7815_1974F064_696_torchvision.jpg,0.006717921229632895
snow/high/4520_2276C871_333_torchvision.jpg,0.020762535945995413
snow/high/4520_2280F331_357_torchvision.jpg,0.01838431436786062
snow/high/4520_2079X191_202_torchvision.jpg,0.01894680660561447
snow/high/7815_1967E671_683_torchvision.jpg,0.007516533662623068
snow/high/2074P352_20200512_OH01_DG06_2_40_torchvision.jpg,0.009003237274276552
snow/high/7815_2071X121_719_torchvision.jpg,0.0461220152017974
snow/high/7815_1966F013_682_torchvision.jpg,0.018659548739830247
snow/high/1974X882_20200513_OH01_DG06_2_3_torchvision.jpg,0.05980684184652869
snow/high/4520_2175F902_223_torchvision.jpg,0.035605180390326875
snow/high/4520_2470G833_462_torchvision.jpg,0.030950152655525625
snow/high/7815_2075F643_763_torchvision.jpg,0.01892196225443057
snow/high/4520_22702162_260_torchvision.jpg,0.020778007540772876
snow/high/7815_2075X651_769_torchvision.jpg,0.013007808471058821
snow/high/2074P871_20200512_OH01_DG06_2_9_torchvision.jpg,0.007148965654958143
snow/high/4520_2078H441_195_torchvision.jpg,0.02438051069260732
snow/high/4520_2374A201_423_torchvision.jpg,0.027982329671718865
snow/high/4520_2278X322_355_torchvision.jpg,0.027948402811156025
snow/high/7815_17714084_650_torchvision.jpg,0.04143743089653488
snow/high/4520_2974F291_570_torchvision.jpg,0.024472056081226826
snow/high/4520_2080X491_208_torchvision.jpg,0.04591482639721546
snow/high/4520_2267G412_248_torchvision.jpg,0.03148070846582243
snow/high/4520_2470W531_467_torchvision.jpg,0.023864696333715473
snow/high/4520_22683991_250_torchvision.jpg,0.013103449780979565
snow/high/7815_1575Y463_616_torchvision.jpg,0.019864937732413733
snow/high/4520_2272X161_272_torchvision.jpg,0.017620157027863168
snow/high/7815_2174F741_802_torchvision.jpg,0.021070983775449685
snow/high/2074P332_20200512_OH01_DG06_2_21_torchvision.jpg,0.03669613964202309
snow/high/7815_2172W931_783_torchvision.jpg,0.019150221624958545
snow/high/4520_2273G921_278_torchvision.jpg,0.028053067242019943
snow/high/4520_2372C181_400_torchvision.jpg,0.06292232502278423
snow/high/4520_2466Q202_451_torchvision.jpg,0.02354405524831866
snow/high/2174H163_20200512_OH01_DG06_2_6_torchvision.jpg,0.04734425970937582
snow/high/7815_2074H233_745_torchvision.jpg,0.016811999931757932
snow/high/7815_1576Y911_617_torchvision.jpg,0.007443785075906004
snow/high/4520_27724082_545_torchvision.jpg,0.043075101945471136
snow/high/1775D821_20200403_OH01_DG06_2_12_torchvision.jpg,0.006592292354018577
snow/high/4520_31734582_584_torchvision.jpg,0.04440045641026122
snow/high/4520_2470Z861_469_torchvision.jpg,0.05063918881926321
snow/high/7815_2175Q441_819_torchvision.jpg,0.017851377989552497
snow/high/4520_2277Y402_346_torchvision.jpg,0.014998410453864497
snow/high/7815_2074P702_750_torchvision.jpg,0.037829114749302055
snow/high/4520_2770A032_542_torchvision.jpg,0.016821248507026647
snow/high/2074P352_20200512_OH01_DG06_2_42_torchvision.jpg,0.01130496003581532
snow/high/2074P352_20200512_OH01_DG06_2_4_torchvision.jpg,0.03296407433966355
snow/high/7815_1771Y901_652_torchvision.jpg,0.014343126188813763
snow/high/7815_2174A001_793_torchvision.jpg,0.024106588325794546
snow/high/4520_2465C661_450_torchvision.jpg,0.028132999816797174
snow/high/7815_1678P861_642_torchvision.jpg,0.053360167382389447
snow/high/7815_1473Z411_602_torchvision.jpg,0.025842621618576585
snow/high/4520_2275E097_317_torchvision.jpg,0.009337370228160741
snow/high/7815_2074E341_733_torchvision.jpg,0.029388163165370594
snow/high/4520_2480H951_488_torchvision.jpg,0.017121966505938432
snow/high/4520_2176X122_231_torchvision.jpg,0.016658716132833793
snow/high/7815_2068C701_714_torchvision.jpg,0.007287347229968629
snow/high/2074D093_20200512_OH01_DG06_2_12_torchvision.jpg,0.015295993107548677
snow/high/4520_2276E571_337_torchvision.jpg,0.029046769634726813
snow/high/2074P713_20200513_OH01_DG06_2_31_torchvision.jpg,0.013682219962291263
snow/high/1578X721_20200409_OH01_DG06_2_27_torchvision.jpg,0.0222456744245248
snow/high/4520_3175A271_586_torchvision.jpg,0.039289202446299534
snow/high/4520_2468G281_456_torchvision.jpg,0.04076688102620514
snow/high/7815_2173X932_792_torchvision.jpg,0.01090839980000182
snow/high/4520_2370B282_387_torchvision.jpg,0.012267511612360298
snow/high/7815_2175R671_823_torchvision.jpg,0.006523973539558003
snow/high/4520_2177P232_236_torchvision.jpg,0.0226089485582932
snow/high/4520_2470S401_466_torchvision.jpg,0.01277906109185557
snow/high/7815_1874H961_673_torchvision.jpg,0.05297687647365903
snow/high/7815_2174C131_798_torchvision.jpg,0.02609386279741027
snow/high/4520_2274Q952_304_torchvision.jpg,0.021709555038144257
snow/high/4520_26711612_524_torchvision.jpg,0.038855980726442425
snow/high/2074P332_20200512_OH01_DG06_2_19_torchvision.jpg,0.014795956453730824
snow/high/7815_1674G721_630_torchvision.jpg,0.03222672659751721
snow/high/2074D131_20200512_OH01_DG06_2_3_torchvision.jpg,0.01920269638260765
snow/high/1974E431_20200402_OH01_DG06_2_17_torchvision.jpg,0.012242355950915693
snow/high/7815_2174X231_810_torchvision.jpg,0.008103266526179254
snow/high/1674Z011_20200416_OH01_DG06_2_17_torchvision.jpg,0.05412988220463955
snow/high/1974Z931_20200513_OH01_DG06_2_11_torchvision.jpg,0.029927646473881627
snow/high/2074A921_20200512_OH01_DG06_2_25_torchvision.jpg,0.035233901116049814
snow/high/7815_1774H261_657_torchvision.jpg,0.06449791911723048
snow/high/4520_2274W692_306_torchvision.jpg,0.03635714114123865
snow/high/4520_2175E771_220_torchvision.jpg,0.020958600464690925
snow/high/4520_21683593_213_torchvision.jpg,0.021180854056385798
snow/high/2074D022_20200512_OH01_DG06_2_14_torchvision.jpg,0.004811798453162782
snow/high/7815_2073A262_721_torchvision.jpg,0.047918292751867625
snow/high/7815_1870D831_667_torchvision.jpg,0.0046471078019814675
snow/high/4520_2271P641_265_torchvision.jpg,0.042475552546334866
snow/high/4520_2775W151_551_torchvision.jpg,0.00913333827065395
snow/high/4520_2079E353_199_torchvision.jpg,0.035204110690928006
snow/high/4520_1978H351_188_torchvision.jpg,0.054518855487970495
snow/high/4520_2277A111_342_torchvision.jpg,0.028912528837415664
snow/high/1970Y932_20200429_OH01_DG06_2_13_torchvision.jpg,0.014797636151542318
snow/high/4520_2374C072_424_torchvision.jpg,0.021197777586391405
snow/high/7815_1472F931_600_torchvision.jpg,0.05359492135696071
snow/high/4520_2479G651_483_torchvision.jpg,0.017096987615481958
snow/high/4520_2365H841_362_torchvision.jpg,0.008570809660698502
snow/high/4520_2576X221_507_torchvision.jpg,0.02155192319416389
snow/high/2075X451_20200507_OH01_DG06_2_17_torchvision.jpg,0.03131156262431598
rain/light/7815_2174C122_797_torchvision.jpg,0.05082299053299711
rain/light/4520_2370P932_389_torchvision.jpg,0.0918775355338374
rain/light/4520_2374H462_426_torchvision.jpg,0.043979098477154054
rain/light/4520_2473P841_470_torchvision.jpg,0.089092319856396
rain/light/2074P871_20200512_OH01_DG06_2_16_torchvision.jpg,0.02936073564883275
rain/light/4520_23684192_377_torchvision.jpg,0.040177810319470444
rain/light/7815_2075Q982_764_torchvision.jpg,0.012896115604795033
rain/light/4520_2372E661_403_torchvision.jpg,0.0483548333646917
rain/light/7815_1676C032_635_torchvision.jpg,0.04733755724575333
rain/light/7815_2175B461_816_torchvision.jpg,0.051093358399941925
rain/light/4520_2267F091_247_torchvision.jpg,0.044783475575904216
rain/light/4520_2368A871_378_torchvision.jpg,0.06782804972801135
rain/light/4520_2176G121_225_torchvision.jpg,0.044640764009163975
rain/light/7815_1975Z891_707_torchvision.jpg,0.04905956829722568
rain/light/4520_2380S391_442_torchvision.jpg,0.07132964488343137
rain/light/2074D721_20200512_OH01_DG06_2_4_torchvision.jpg,0.027290482882852515
rain/light/4520_2274C521_293_torchvision.jpg,0.052766205238316
rain/light/1678F614_20200514_OH01_DG06_2_27_torchvision.jpg,0.04472945431679457
rain/light/7815_1975E191_704_torchvision.jpg,0.06204253590202982
rain/light/2074P352_20200512_OH01_DG06_2_8_torchvision.jpg,0.042491828464583804
rain/light/2074P871_20200512_OH01_DG06_2_11_torchvision.jpg,0.02545263049729438
rain/light/4520_2275Q396_327_torchvision.jpg,0.05474409067284976
rain/light/4520_2381Q591_446_torchvision.jpg,0.035243759819608304
rain/light/1974H803_20200513_OH01_DG06_2_1_torchvision.jpg,0.03163158259938957
rain/light/1974E431_20200402_OH01_DG06_2_21_torchvision.jpg,0.06439365910341208
rain/light/7815_1974F064_696_torchvision.jpg,0.031923604068756946
rain/light/4520_2276C871_333_torchvision.jpg,0.05346168878694195
rain/light/1578X721_20200409_OH01_DG06_2_26_torchvision.jpg,0.10820346098669135
rain/light/4520_2277Z171_349_torchvision.jpg,0.07988291801451677
rain/light/4520_2373Q203_416_torchvision.jpg,0.05196705592182012
rain/light/7815_1964E441_678_torchvision.jpg,0.07260123190453083
rain/light/7815_2174A062_794_torchvision.jpg,0.04866480294474003
rain/light/2074P871_20200512_OH01_DG06_2_15_torchvision.jpg,0.03080380379323475
rain/light/2074P871_20200512_OH01_DG06_2_14_torchvision.jpg,0.020895896613147037
rain/light/1974Z931_20200513_OH01_DG06_2_10_torchvision.jpg,0.04396395571652924
rain/light/1672B291_20200401_OH01_DG06_2_14_torchvision.jpg,0.03394119802158207
rain/light/4520_2976R491_579_torchvision.jpg,0.05625731362930857
rain/light/1676Z713_20200403_OH01_DG06_2_21_torchvision.jpg,0.04599162960231864
rain/light/2074P871_20200512_OH01_DG06_2_9_torchvision.jpg,0.051819222554198026
rain/light/4520_1679Z341_181_torchvision.jpg,0.03033468766756853
rain/light/4520_2078H441_195_torchvision.jpg,0.04347818642922049
rain/light/7815_2175X191_830_torchvision.jpg,0.04002034086572849
rain/light/4520_2373A531_412_torchvision.jpg,0.016297466029628865
rain/light/7815_1971G052_690_torchvision.jpg,0.05547166445752986
rain/light/4520_2080X623_209_torchvision.jpg,0.06618362708195388
rain/light/4520_2479D852_480_torchvision.jpg,0.043949127525875535
rain/light/4520_22671862_246_torchvision.jpg,0.04879448378455293
rain/light/7815_2073Y691_726_torchvision.jpg,0.04959228167827664
rain/light/1679R341_20200409_OH01_DG06_2_13_torchvision.jpg,0.33173064693375537
rain/light/1970Y932_20200429_OH01_DG06_2_3_torchvision.jpg,0.021087002390701944
rain/light/4520_2274B951_292_torchvision.jpg,0.10369417209876217
rain/light/1678H971_20200514_OH01_DG06_2_32_torchvision.jpg,0.032363504913453196
rain/light/4520_2371S342_394_torchvision.jpg,0.07718090035276438
rain/light/1974X955_20200513_OH01_DG06_2_18_torchvision.jpg,0.01728110388878509
rain/light/7815_1975Z891_706_torchvision.jpg,0.031621960306871436
rain/light/7815_2174F741_802_torchvision.jpg,0.061097758783411144
rain/light/1773A891_20200416_OH01_DG06_2_21_torchvision.jpg,0.0627192971229875
rain/light/7815_2172W931_783_torchvision.jpg,0.05325527459788845
rain/light/7815_1965E501_680_torchvision.jpg,0.05946583745133864
rain/light/7815_2171C641_777_torchvision.jpg,0.07395320027220452
rain/light/4520_2580A271_517_torchvision.jpg,0.05847924216629948
rain/light/7815_2170Q212_776_torchvision.jpg,0.05146440981904015
rain/light/4520_2270H831_261_torchvision.jpg,0.0602441954619333
rain/light/7815_2273C951_843_torchvision.jpg,0.04175333323494929
rain/light/7815_1677A421_637_torchvision.jpg,0.04216558174503187
rain/light/7815_1970Z891_689_torchvision.jpg,0.05222225666362253
rain/light/4520_2680Q851_539_torchvision.jpg,0.09069830708333473
rain/light/2074D093_20200512_OH01_DG06_2_14_torchvision.jpg,0.0751426423651265
rain/light/7815_2174S562_806_torchvision.jpg,0.04551262451481274
rain/light/4520_2974H691_572_torchvision.jpg,0.09173001498456704
rain/light/7815_1973W411_694_torchvision.jpg,0.053678150210061525
rain/light/7815_2175R641_821_torchvision.jpg,0.043519988720592845
rain/light/7815_1675W871_633_torchvision.jpg,0.05696895442408749
rain/light/7815_2175Q441_819_torchvision.jpg,0.05675021045845885
rain/light/7815_1675D851_632_torchvision.jpg,0.051680367712749774
rain/light/4520_2577A732_508_torchvision.jpg,0.047915745152958
rain/light/2074P352_20200512_OH01_DG06_2_41_torchvision.jpg,0.01670846890138573
rain/light/4520_2478X071_476_torchvision.jpg,0.07606336662794046
rain/light/7815_2174Y872_813_torchvision.jpg,0.04942954499082487
rain/light/4520_3178S232_589_torchvision.jpg,0.035083015758251034
rain/light/4520_2272H701_271_torchvision.jpg,0.06608557327311974
rain/light/7815_1771Y901_652_torchvision.jpg,0.006056593847877713
rain/light/4520_2372A131_397_torchvision.jpg,0.05101079749292569
rain/light/7815_1970X023_687_torchvision.jpg,0.04366560344146012
rain/light/2074P352_20200512_OH01_DG06_2_17_torchvision.jpg,0.011162505407367341
rain/light/4520_2371S581_395_torchvision.jpg,0.05319390362268012
rain/light/1974X911_20200513_OH01_DG06_2_16_torchvision.jpg,0.07956589181604466
rain/light/7815_1770Q971_647_torchvision.jpg,0.0787919076855207
rain/light/7815_1969H751_685_torchvision.jpg,0.049883699255295934
rain/light/4592_7998A981_594_torchvision.jpg,0.04774358421374865
rain/light/1674Z413_20200416_OH01_DG06_2_7_torchvision.jpg,0.11547255451732943
rain/light/4520_2277F971_344_torchvision.jpg,0.04938044610150675
rain/light/4520_2274H202_299_torchvision.jpg,0.06569404147441568
rain/light/1974E431_20200402_OH01_DG06_2_20_torchvision.jpg,0.04973396608337571
rain/light/4520_2480H951_488_torchvision.jpg,0.062261163636691964
rain/light/7815_2175Y551_832_torchvision.jpg,0.010017458084547464
rain/light/4520_2269G091_259_torchvision.jpg,0.08818115199972378
rain/light/4520_2276S831_340_torchvision.jpg,0.06572596185447142
rain/light/4520_2372R811_407_torchvision.jpg,0.05147431290403303
rain/light/4520_27713562_543_torchvision.jpg,0.022533364267796428
rain/light/1672D721_20200401_OH01_DG06_2_8_torchvision.jpg,0.025505503262196947
rain/light/4592_7998E272_595_torchvision.jpg,0.02583104482083665
rain/light/4520_2470D872_461_torchvision.jpg,0.05413200793116544
rain/light/1679R341_20200409_OH01_DG06_2_30_torchvision.jpg,0.012593277630129737
rain/light/4520_25693893_494_torchvision.jpg,0.042609480020251486
rain/light/2074D131_20200512_OH01_DG06_2_3_torchvision.jpg,0.034820921788185764
rain/light/1974E431_20200402_OH01_DG06_2_17_torchvision.jpg,0.06203985862344795
rain/light/4520_2466Q872_452_torchvision.jpg,0.11010645457712011
rain/light/1674Z011_20200416_OH01_DG06_2_17_torchvision.jpg,0.06968661233519399
rain/light/2074D093_20200512_OH01_DG06_2_13_torchvision.jpg,0.08055033118884335
rain/light/2074A921_20200512_OH01_DG06_2_25_torchvision.jpg,0.09375433268473393
rain/light/7815_1774H261_657_torchvision.jpg,0.08137665728048668
rain/light/7815_2174Z772_815_torchvision.jpg,0.051478101391787615
rain/light/4520_2779Q231_557_torchvision.jpg,0.07785368863931973
rain/light/2074D022_20200512_OH01_DG06_2_14_torchvision.jpg,0.06454040562832285
rain/light/4520_2278P901_354_torchvision.jpg,0.05958753331653805
rain/light/7815_2074H213_744_torchvision.jpg,0.04198767153595637
rain/light/1578H763_20200409_OH01_DG06_2_9_torchvision.jpg,0.04024434790420701
rain/light/4520_1978Y962_191_torchvision.jpg,0.057049440991070455
rain/light/4520_2079E353_199_torchvision.jpg,0.05951117059073168
rain/light/7815_2075S791_766_torchvision.jpg,0.029467421387166227
rain/light/4520_2080E752_205_torchvision.jpg,0.06652804676037068
rain/light/4520_2372R803_406_torchvision.jpg,0.02748839632758743
rain/light/4520_2375G742_432_torchvision.jpg,0.04946780310761936
rain/light/4520_2068X471_193_torchvision.jpg,0.06180668284844484
rain/light/4520_2374C072_424_torchvision.jpg,0.08371282628390032
rain/light/4520_2479G651_483_torchvision.jpg,0.06053475682633647
rain/light/2074D022_20200512_OH01_DG06_2_3_torchvision.jpg,0.06705808432837142
rain/light/7815_1776G402_661_torchvision.jpg,0.03343536770933667
rain/light/7815_1577G301_619_torchvision.jpg,0.09098856867840897
rain/light/4520_2377B281_433_torchvision.jpg,0.049046548066951565
rain/light/7815_1573P882_610_torchvision.jpg,0.035139618923074815
rain/light/4520_2377P793_436_torchvision.jpg,0.0635901359680755
rain/light/7815_2074R111_752_torchvision.jpg,0.01381265089983046
rain/light/7815_2173X852_791_torchvision.jpg,0.05761939611997995
rain/light/7815_2174Y851_812_torchvision.jpg,0.06449298326175276
rain/light/4520_2974F161_569_torchvision.jpg,0.048866431601585665
rain/light/7815_1574H882_612_torchvision.jpg,0.05978715627750925
rain/moderate/7815_2075E523_762_torchvision.jpg,0.07332943504280978
rain/moderate/7815_1974B083_695_torchvision.jpg,0.08397246434836385
rain/moderate/4520_2277G901_345_torchvision.jpg,0.07953186777891004
rain/moderate/7815_1677X752_641_torchvision.jpg,0.03161434903054891
rain/moderate/2074P282_20200512_OH01_DG06_2_30_torchvision.jpg,0.12299260321234845
rain/moderate/4520_2370P932_389_torchvision.jpg,0.10885287557751369
rain/moderate/4520_2374H462_426_torchvision.jpg,0.07013156564180166
rain/moderate/4520_2373S911_422_torchvision.jpg,0.07356934115308715
rain/moderate/4520_2171Y184_218_torchvision.jpg,0.07092177378804647
rain/moderate/7815_2074G372_739_torchvision.jpg,0.05559380029939231
rain/moderate/1974X582_20200513_OH01_DG06_2_30_torchvision.jpg,0.06763597358769508
rain/moderate/4520_3173R801_585_torchvision.jpg,0.039440489594568834
rain/moderate/7815_1770G401_644_torchvision.jpg,0.06351777707755366
rain/moderate/4520_2374F961_425_torchvision.jpg,0.0910244971838998
rain/moderate/7815_1676C032_635_torchvision.jpg,0.06318630207443568
rain/moderate/7815_1875A971_674_torchvision.jpg,0.11028811242809367
rain/moderate/1974X943_20200513_OH01_DG06_2_4_torchvision.jpg,0.056785220400780184
rain/moderate/7815_2174D012_801_torchvision.jpg,0.08894698962089646
rain/moderate/2074P352_20200512_OH01_DG06_2_21_torchvision.jpg,0.06912581421415434
rain/moderate/2075X451_20200507_OH01_DG06_2_31_torchvision.jpg,0.0889644879425681
rain/moderate/7815_1575E181_614_torchvision.jpg,0.05653925596095556
rain/moderate/7815_1776R262_662_torchvision.jpg,0.05599149383231942
rain/moderate/1778S292_20200514_OH01_DG06_2_7_torchvision.jpg,0.10810363712538469
rain/moderate/4520_1679S541_180_torchvision.jpg,0.1113990186707316
rain/moderate/4520_2176E201_224_torchvision.jpg,0.04568242425346457
rain/moderate/7815_1975S326_705_torchvision.jpg,0.06447481531674289
rain/moderate/4520_2273H414_282_torchvision.jpg,0.048823330041934614
rain/moderate/7815_1676E351_636_torchvision.jpg,0.07469239548848547
rain/moderate/2074D721_20200512_OH01_DG06_2_19_torchvision.jpg,0.07782773136931162
rain/moderate/4520_2268Y481_255_torchvision.jpg,0.07161738824350254
rain/moderate/7815_2074Y094_754_torchvision.jpg,0.08338069864364908
rain/moderate/4520_1679Z581_182_torchvision.jpg,0.070274434297001
rain/moderate/4520_2373A683_414_torchvision.jpg,0.07965341318785647
rain/moderate/1974Z931_20200513_OH01_DG06_2_9_torchvision.jpg,0.05639085334349796
rain/moderate/4520_18792271_184_torchvision.jpg,0.062037353128219425
rain/moderate/4520_28733422_562_torchvision.jpg,0.02024821321000682
rain/moderate/4520_2169S642_216_torchvision.jpg,0.04793599161322324
rain/moderate/4520_2580X461_521_torchvision.jpg,0.07341413066614882
rain/moderate/1974X955_20200513_OH01_DG06_2_19_torchvision.jpg,0.02978274001232083
rain/moderate/7815_2175R782_825_torchvision.jpg,0.02912460440593648
rain/moderate/4520_28721031_559_torchvision.jpg,0.09900457161323915
rain/moderate/4520_2271Q031_267_torchvision.jpg,0.0805707706987038
rain/moderate/1974X882_20200513_OH01_DG06_2_9_torchvision.jpg,0.09936511991461647
rain/moderate/4520_2373Q203_416_torchvision.jpg,0.09358278954927993
rain/moderate/2074D021_20200512_OH01_DG06_2_1_torchvision.jpg,0.05359687232022807
rain/moderate/7815_1972H971_692_torchvision.jpg,0.14125223135637774
rain/moderate/2074P352_20200512_OH01_DG06_2_40_torchvision.jpg,0.07598166534364209
rain/moderate/4520_26712953_528_torchvision.jpg,0.1312189494448506
rain/moderate/2074P871_20200512_OH01_DG06_2_14_torchvision.jpg,0.044757036045085054
rain/moderate/2074P871_20200512_OH01_DG06_2_9_torchvision.jpg,0.07955012382314594
rain/moderate/2074P282_20200512_OH01_DG06_2_31_torchvision.jpg,0.08162042904542512
rain/moderate/7815_1775D511_658_torchvision.jpg,0.09491366342875936
rain/moderate/7815_17714084_650_torchvision.jpg,0.11465265512981798
rain/moderate/4520_2275E273_320_torchvision.jpg,0.053265743173569274
rain/moderate/7815_2073Y691_726_torchvision.jpg,0.08232459090964293
rain/moderate/7815_1974Y191_699_torchvision.jpg,0.05158426836843918
rain/moderate/4520_2474S552_472_torchvision.jpg,0.09591703405974779
rain/moderate/4520_2168Q362_214_torchvision.jpg,0.06628289464469425
rain/moderate/7815_2172G562_780_torchvision.jpg,0.1016153159323458
rain/moderate/4520_2274B951_292_torchvision.jpg,0.07052355117758648
rain/moderate/4520_22683991_250_torchvision.jpg,0.059911395845500884
rain/moderate/1678H971_20200514_OH01_DG06_2_32_torchvision.jpg,0.0861535131915495
rain/moderate/1974X955_20200513_OH01_DG06_2_18_torchvision.jpg,0.058183261947390305
rain/moderate/7815_1975Z891_706_torchvision.jpg,0.04526959838097473
rain/moderate/7815_2174F741_802_torchvision.jpg,0.061773795586690446
rain/moderate/4520_2378E921_438_torchvision.jpg,0.05838873966655723
rain/moderate/4520_2275E033_316_torchvision.jpg,0.09798980351264751
rain/moderate/4520_2363S391_358_torchvision.jpg,0.07541166419274685
rain/moderate/2074P352_20200512_OH01_DG06_2_5_torchvision.jpg,0.05751545443724341
rain/moderate/7815_1974Y687_700_torchvision.jpg,0.07896017619573716
rain/moderate/4520_2372C181_400_torchvision.jpg,0.12136945031015302
rain/moderate/2074P352_20200512_OH01_DG06_2_19_torchvision.jpg,0.1183074803029319
rain/moderate/4520_2466Q202_451_torchvision.jpg,0.09086512268981997
rain/moderate/4520_2679G504_536_torchvision.jpg,0.07749286520882945
rain/moderate/7815_2170Q212_776_torchvision.jpg,0.05441497885499272
rain/moderate/7815_1576Y911_617_torchvision.jpg,0.04772599633588059
rain/moderate/1970Y932_20200429_OH01_DG06_2_6_torchvision.jpg,0.048576952770467766
rain/moderate/4520_27724082_545_torchvision.jpg,0.07104334172187328
rain/moderate/4520_2680Q851_539_torchvision.jpg,0.12226734980911882
rain/moderate/4520_2974H691_572_torchvision.jpg,0.10737130694484547
rain/moderate/4520_2081H482_210_torchvision.jpg,0.04755352828676451
rain/moderate/1775D301_20200403_OH01_DG06_2_20_torchvision.jpg,0.09107583026034301
rain/moderate/7815_2174H091_803_torchvision.jpg,0.0823859206326338
rain/moderate/4520_2373R171_418_torchvision.jpg,0.058925289681268575
rain/moderate/7815_1675D851_632_torchvision.jpg,0.0820961207820314
rain/moderate/4520_2373R063_417_torchvision.jpg,0.028969409683234484
rain/moderate/4520_2577A732_508_torchvision.jpg,0.08198730081651084
rain/moderate/4520_2274Q961_305_torchvision.jpg,0.09427613844013367
rain/moderate/4520_2275D501_313_torchvision.jpg,0.06143312554216996
rain/moderate/4520_2275E122_318_torchvision.jpg,0.06364580019663905
rain/moderate/4520_2973C141_567_torchvision.jpg,0.12367665196034218
rain/moderate/2074A464_20200512_OH01_DG06_2_22_torchvision.jpg,0.07738364303228404
rain/moderate/4520_2365Y161_364_torchvision.jpg,0.05263752449695106
rain/moderate/7815_2174C644_800_torchvision.jpg,0.06692404115819585
rain/moderate/1775D821_20200403_OH01_DG06_2_17_torchvision.jpg,0.0708708735856923
rain/moderate/4520_2270S501_262_torchvision.jpg,0.10880382586931915
rain/moderate/1673E672_20200416_OH01_DG06_2_3_torchvision.jpg,0.05363984699196438
rain/moderate/7815_1770Q971_647_torchvision.jpg,0.05705253166444851
rain/moderate/4520_2266B001_245_torchvision.jpg,0.04769532589182546
rain/moderate/1778D521_20200514_OH01_DG06_2_15_torchvision.jpg,0.06028488464668671
rain/moderate/7815_2174A303_795_torchvision.jpg,0.101360519610009
rain/moderate/7815_1678P861_642_torchvision.jpg,0.09080759781456786
rain/moderate/4520_2274H202_299_torchvision.jpg,0.07512091073853723
rain/moderate/7815_2074G752_741_torchvision.jpg,0.0738749770833466
rain/moderate/7815_2068C701_714_torchvision.jpg,0.07601681646506014
rain/moderate/4520_2774Z961_549_torchvision.jpg,0.10390326650073127
rain/moderate/4520_2275S251_330_torchvision.jpg,0.07499139554463591
rain/moderate/4520_2177R382_237_torchvision.jpg,0.09076214555939967
rain/moderate/4592_7998E272_595_torchvision.jpg,0.07142682743717385
rain/moderate/4520_2370B282_387_torchvision.jpg,0.04057319785076817
rain/moderate/1679R341_20200409_OH01_DG06_2_30_torchvision.jpg,0.05430553964506428
rain/moderate/4520_1680Z272_183_torchvision.jpg,0.06354179507148508
rain/moderate/7815_1771C021_651_torchvision.jpg,0.06591199218342302
rain/moderate/2074D131_20200512_OH01_DG06_2_3_torchvision.jpg,0.05039577514371602
rain/moderate/4520_2466Q872_452_torchvision.jpg,0.09334377668403587
rain/moderate/4520_2976B021_576_torchvision.jpg,0.09585648170821218
rain/moderate/4520_2372A463_399_torchvision.jpg,0.10582917646993543
rain/moderate/7815_1774H261_657_torchvision.jpg,0.11162121200964412
rain/moderate/7815_2075Z821_774_torchvision.jpg,0.06053265374194238
rain/moderate/4520_2479G352_482_torchvision.jpg,0.08561952316180037
rain/moderate/1974X582_20200513_OH01_DG06_2_16_torchvision.jpg,0.06207789344909691
rain/moderate/7815_2073A262_721_torchvision.jpg,0.09633860786434362
rain/moderate/4520_2278P901_354_torchvision.jpg,0.08258955491613432
rain/moderate/4520_26714081_532_torchvision.jpg,0.07014228678989244
rain/moderate/7815_2173F922_786_torchvision.jpg,0.07363588573052668
rain/moderate/4520_2479D951_481_torchvision.jpg,0.10628297513038655
rain/moderate/4520_2079E353_199_torchvision.jpg,0.06428760273714346
rain/moderate/4520_23672984_370_torchvision.jpg,0.05946754506225996
rain/moderate/2074P713_20200513_OH01_DG06_2_5_torchvision.jpg,0.07112649166455529
rain/moderate/4520_27724442_546_torchvision.jpg,0.07234445430680862
rain/moderate/2074D721_20200512_OH01_DG06_2_17_torchvision.jpg,0.10978804154647524
rain/moderate/4520_2372R803_406_torchvision.jpg,0.10912110962928374
rain/moderate/4520_2274B861_291_torchvision.jpg,0.09187841728274612
rain/moderate/7815_1776G402_661_torchvision.jpg,0.03989329085850452
rain/moderate/1775A532_20200403_OH01_DG06_2_19_torchvision.jpg,0.027112973988039586
rain/moderate/4520_2377B281_433_torchvision.jpg,0.0848382480129683
rain/moderate/1974X882_20200513_OH01_DG06_2_21_torchvision.jpg,0.08774388628466549
rain/moderate/4520_2274H741_300_torchvision.jpg,0.12065937676900163
rain/moderate/4520_2079R992_200_torchvision.jpg,0.046504953684756566
rain/moderate/4520_2576X221_507_torchvision.jpg,0.06905007184180877
rain/moderate/4520_2974F161_569_torchvision.jpg,0.08895489970182116
rain/high/2273A652_20200506_OH01_DG06_2_21_torchvision.jpg,0.1076921334468784
rain/high/1676Z713_20200403_OH01_DG06_2_18_torchvision.jpg,0.09739190559480368
rain/high/4520_23682396_375_torchvision.jpg,0.05691674390116576
rain/high/4520_2277G901_345_torchvision.jpg,0.08630203339580952
rain/high/4520_2370F141_388_torchvision.jpg,0.04026095036362795
rain/high/4520_2274C711_294_torchvision.jpg,0.0896096167140708
rain/high/4520_2175F581_222_torchvision.jpg,0.06128137440455642
rain/high/2074P713_20200513_OH01_DG06_2_4_torchvision.jpg,0.07795118930571553
rain/high/4520_2974S752_574_torchvision.jpg,0.09548648138301324
rain/high/4520_2973A091_566_torchvision.jpg,0.04687611362598919
rain/high/7815_2273A963_836_torchvision.jpg,0.10079602607406099
rain/high/4520_2470R631_464_torchvision.jpg,0.1583900621322236
rain/high/4520_2372E661_403_torchvision.jpg,0.03990189951123681
rain/high/4520_2378E812_437_torchvision.jpg,0.04508959677981805
rain/high/2075X451_20200507_OH01_DG06_2_31_torchvision.jpg,0.05707584075868467
rain/high/7815_2075Z053_770_torchvision.jpg,0.053642854428581514
rain/high/4520_23694133_381_torchvision.jpg,0.10468293295162433
rain/high/7815_1677R182_639_torchvision.jpg,0.0844416321265944
rain/high/4520_2366W642_368_torchvision.jpg,0.03260229030959393
rain/high/7815_1673S521_629_torchvision.jpg,0.10355897118919412
rain/high/4520_2275F241_322_torchvision.jpg,0.07722203240761377
rain/high/4520_2479C991_479_torchvision.jpg,0.11786707839501628
rain/high/7815_2175G052_817_torchvision.jpg,0.10787762562137314
rain/high/2074P282_20200512_OH01_DG06_2_26_torchvision.jpg,0.10439361523568183
rain/high/4520_2364W003_359_torchvision.jpg,0.09841688002336586
rain/high/7815_1770H151_646_torchvision.jpg,0.06217365782197693
rain/high/7815_1776R262_663_torchvision.jpg,0.04655935262844283
rain/high/4592_7998E461_596_torchvision.jpg,0.075093228463785
rain/high/1974X911_20200513_OH01_DG06_2_6_torchvision.jpg,0.02854268714689019
rain/high/7815_2273D281_844_torchvision.jpg,0.08083977766917678
rain/high/4520_2176G121_225_torchvision.jpg,0.08392314801309002
rain/high/4520_2571H741_501_torchvision.jpg,0.03958103948037936
rain/high/7815_1975Z891_707_torchvision.jpg,0.07061392254042076
rain/high/7815_1673S341_628_torchvision.jpg,0.06779996559185988
rain/high/2074D721_20200512_OH01_DG06_2_4_torchvision.jpg,0.19333102667092245
rain/high/7815_1676E351_636_torchvision.jpg,0.07392266563933718
rain/high/2074D093_20200512_OH01_DG06_2_4_torchvision.jpg,0.05514002303464181
rain/high/7815_2074Y094_754_torchvision.jpg,0.09075301193093842
rain/high/7815_2165D871_775_torchvision.jpg,0.0980315497461645
rain/high/2074P871_20200512_OH01_DG06_2_11_torchvision.jpg,0.04838218795012779
rain/high/7815_1973R692_693_torchvision.jpg,0.11742518416180388
rain/high/4520_2776W911_553_torchvision.jpg,0.04059937456880733
rain/high/1974X955_20200513_OH01_DG06_2_19_torchvision.jpg,0.09446561839147417
rain/high/4520_2478X231_477_torchvision.jpg,0.09141387934889561
rain/high/7815_1571F492_607_torchvision.jpg,0.04701784789970715
rain/high/1672D721_20200401_OH01_DG06_2_23_torchvision.jpg,0.056854846139174214
rain/high/7815_1974F064_696_torchvision.jpg,0.08990653484898772
rain/high/7815_2272E381_835_torchvision.jpg,0.04327424706893403
rain/high/4520_2569P022_495_torchvision.jpg,0.049504302113695796
rain/high/7815_1773A891_655_torchvision.jpg,0.023310680222702048
rain/high/1974X882_20200513_OH01_DG06_2_9_torchvision.jpg,0.08608114113570543
rain/high/7815_1968B351_684_torchvision.jpg,0.08790756393803667
rain/high/7815_1967E671_683_torchvision.jpg,0.05207224358423363
rain/high/4520_2271W933_268_torchvision.jpg,0.09489081921832546
rain/high/4520_2182Y522_242_torchvision.jpg,0.05660557665411227
rain/high/4520_2469X731_459_torchvision.jpg,0.10926045278532828
rain/high/4520_2381C753_444_torchvision.jpg,0.061107673277561884
rain/high/4520_22702162_260_torchvision.jpg,0.033444132928247
rain/high/2074P871_20200512_OH01_DG06_2_14_torchvision.jpg,0.054261980908059886
rain/high/4520_21681512_211_torchvision.jpg,0.0998777190132022
rain/high/4520_2374A201_423_torchvision.jpg,0.08921977153989578
rain/high/7815_1971G052_690_torchvision.jpg,0.08652622231949846
rain/high/1578H763_20200409_OH01_DG06_2_10_torchvision.jpg,0.07435796442970588
rain/high/7815_2273B242_838_torchvision.jpg,0.03640509003956791
rain/high/4520_2275E273_320_torchvision.jpg,0.08168445958288255
rain/high/7815_1673F901_626_torchvision.jpg,0.038395333636188037
rain/high/4520_2373R255_419_torchvision.jpg,0.07786687517015205
rain/high/7815_2172G562_780_torchvision.jpg,0.10373511080014512
rain/high/1974X955_20200513_OH01_DG06_2_18_torchvision.jpg,0.059633924901623336
rain/high/4520_2273Z691_286_torchvision.jpg,0.027416396056481943
rain/high/4520_2272X161_272_torchvision.jpg,0.0819610592256962
rain/high/7815_2074P002_748_torchvision.jpg,0.12127994144592004
rain/high/2074P871_20200512_OH01_DG06_2_12_torchvision.jpg,0.05511711483395775
rain/high/7815_2174W743_809_torchvision.jpg,0.047738544103770174
rain/high/7815_2074A826_727_torchvision.jpg,0.03909819903939124
rain/high/7815_2172E981_779_torchvision.jpg,0.08800954088817553
rain/high/4520_2367S991_371_torchvision.jpg,0.07182194967852419
rain/high/7815_2174W552_808_torchvision.jpg,0.06657819179680774
rain/high/1674Z812_20200416_OH01_DG06_2_21_torchvision.jpg,0.09824735812459476
rain/high/7815_1775G332_660_torchvision.jpg,0.036198823548679454
rain/high/4520_2680Q851_539_torchvision.jpg,0.11991939381193278
rain/high/4520_2372A001_396_torchvision.jpg,0.11110178628781542
rain/high/7815_2074Y331_756_torchvision.jpg,0.0855764055400616
rain/high/7815_1973W411_694_torchvision.jpg,0.0700162028348489
rain/high/4520_2371C902_391_torchvision.jpg,0.11390465898394075
rain/high/7815_2175Q441_819_torchvision.jpg,0.0598148489015076
rain/high/2074D022_20200512_OH01_DG06_2_11_torchvision.jpg,0.056091342874234756
rain/high/4520_2473P861_471_torchvision.jpg,0.15754343167054521
rain/high/4520_2275E122_318_torchvision.jpg,0.09929994429819536
rain/high/4520_2268F473_251_torchvision.jpg,0.08543534248776621
rain/high/4520_2273E644_277_torchvision.jpg,0.10948098532985881
rain/high/1674Z413_20200416_OH01_DG06_2_8_torchvision.jpg,0.0951219686442376
rain/high/4520_2469Q371_458_torchvision.jpg,0.07574166530944688
rain/high/2074P352_20200512_OH01_DG06_2_41_torchvision.jpg,0.07451062329492696
rain/high/1778P951_20200514_OH01_DG06_2_28_torchvision.jpg,0.06017799302137294
rain/high/2074P352_20200512_OH01_DG06_2_4_torchvision.jpg,0.06564691254561009
rain/high/4520_2373A412_411_torchvision.jpg,0.0808707237119612
rain/high/4520_2272H701_271_torchvision.jpg,0.11796001518182037
rain/high/7815_1771Y901_652_torchvision.jpg,0.037278499846924336
rain/high/1673E672_20200416_OH01_DG06_2_3_torchvision.jpg,0.04902481808043196
rain/high/4520_2275D502_314_torchvision.jpg,0.08489935505524132
rain/high/7815_2273B233_837_torchvision.jpg,0.07011458117108935
rain/high/1778D521_20200514_OH01_DG06_2_15_torchvision.jpg,0.07027999601457664
rain/high/2073A262_20200511_OH01_DG06_2_3_torchvision.jpg,0.10642794516112833
rain/high/7815_1473Z411_602_torchvision.jpg,0.10555195898372963
rain/high/4520_2275E097_317_torchvision.jpg,0.05945729403572607
rain/high/1778D551_20200514_OH01_DG06_2_5_torchvision.jpg,0.07466818546904452
rain/high/7815_2175Y551_832_torchvision.jpg,0.058028660683267744
rain/high/4520_2176X122_231_torchvision.jpg,0.051806441286642343
rain/high/7815_2068C701_714_torchvision.jpg,0.10261756589681384
rain/high/4520_2276D734_336_torchvision.jpg,0.12123272892519278
rain/high/4520_2276E571_337_torchvision.jpg,0.08706843776056955
rain/high/2074D022_20200512_OH01_DG06_2_8_torchvision.jpg,0.07109319813664747
rain/high/4520_26711721_525_torchvision.jpg,0.12914094901538412
rain/high/4520_2269F011_258_torchvision.jpg,0.07287205090150678
rain/high/2074D721_20200512_OH01_DG06_2_5_torchvision.jpg,0.08259600680589742
rain/high/4520_1978H273_187_torchvision.jpg,0.06317934716222193
rain/high/7815_2175R671_823_torchvision.jpg,0.046685580432126624
rain/high/4520_2779Y122_558_torchvision.jpg,0.07072337601989614
rain/high/4520_2470S401_466_torchvision.jpg,0.053158600434106855
rain/high/2074D721_20200512_OH01_DG06_2_18_torchvision.jpg,0.12063204399241687
rain/high/4520_2976B021_576_torchvision.jpg,0.10818319606152017
rain/high/4520_1579X551_178_torchvision.jpg,0.11538670895884477
rain/high/4520_2567P591_492_torchvision.jpg,0.06297445430307198
rain/high/4520_2372A463_399_torchvision.jpg,0.13622645608575096
rain/high/7815_2075Z821_774_torchvision.jpg,0.06103916759459187
rain/high/1974X582_20200513_OH01_DG06_2_16_torchvision.jpg,0.047190240765807655
rain/high/4520_21683593_213_torchvision.jpg,0.033106327384416545
rain/high/1970Y932_20200429_OH01_DG06_2_11_torchvision.jpg,0.05744128277324444
rain/high/4520_2873G711_563_torchvision.jpg,0.0914120419056069
rain/high/7815_1871P741_668_torchvision.jpg,0.05827695373222113
rain/high/4520_21771861_235_torchvision.jpg,0.10649449956843496
rain/high/4520_1978Y962_191_torchvision.jpg,0.0596441868876565
rain/high/7815_2173F922_786_torchvision.jpg,0.06624885857444278
rain/high/4520_2479D951_481_torchvision.jpg,0.14039027914256655
rain/high/2073A262_20200511_OH01_DG06_2_4_torchvision.jpg,0.06517237600081249
rain/high/4520_28732531_561_torchvision.jpg,0.05517985395596384
rain/high/7815_2075Z801_773_torchvision.jpg,0.08381727953259825
rain/high/2074P713_20200513_OH01_DG06_2_5_torchvision.jpg,0.08942903987366417
rain/high/7815_2074G763_742_torchvision.jpg,0.08640278592302468
rain/high/4520_2375G742_432_torchvision.jpg,0.05618507125353111
rain/high/4520_2372C342_401_torchvision.jpg,0.09729998990813389
rain/high/1974X582_20200513_OH01_DG06_2_14_torchvision.jpg,0.12701107355947358
rain/high/4520_2274B861_291_torchvision.jpg,0.13046682122919154
rain/high/4520_2275A121_308_torchvision.jpg,0.015042521600665389
rain/high/7815_1776G402_661_torchvision.jpg,0.09042038191219644
rain/high/4520_2168Q751_215_torchvision.jpg,0.07702423742189628
rain/high/4520_2274H741_300_torchvision.jpg,0.07427904740304947
rain/high/1974X911_20200513_OH01_DG06_2_14_torchvision.jpg,0.055438761246235785
rain/high/2074D022_20200512_OH01_DG06_2_4_torchvision.jpg,0.13080770099764324
rain/high/7815_2173F931_787_torchvision.jpg,0.08793873465651017
rain/high/2075X451_20200507_OH01_DG06_2_17_torchvision.jpg,0.10626875356366462
